-- phpMyAdmin SQL Dump
-- version 4.1.14
-- http://www.phpmyadmin.net
--
-- Client :  127.0.0.1
-- Généré le :  Mer 12 Octobre 2016 à 10:15
-- Version du serveur :  5.6.17
-- Version de PHP :  5.5.12

SET SQL_MODE = "NO_AUTO_VALUE_ON_ZERO";
SET time_zone = "+00:00";


/*!40101 SET @OLD_CHARACTER_SET_CLIENT=@@CHARACTER_SET_CLIENT */;
/*!40101 SET @OLD_CHARACTER_SET_RESULTS=@@CHARACTER_SET_RESULTS */;
/*!40101 SET @OLD_COLLATION_CONNECTION=@@COLLATION_CONNECTION */;
/*!40101 SET NAMES utf8 */;

--
-- Base de données :  `gestdep`
--

-- --------------------------------------------------------

--
-- Structure de la table `client`
--

CREATE TABLE IF NOT EXISTS `client` (
  `id` int(11) NOT NULL AUTO_INCREMENT,
  `nom` varchar(255) NOT NULL,
  `email` varchar(255) DEFAULT NULL,
  `telephone` varchar(255) DEFAULT NULL,
  `adresse` varchar(255) DEFAULT NULL,
  `entreprise` int(11) NOT NULL,
  `check` tinyint(4) NOT NULL,
  PRIMARY KEY (`id`),
  KEY `entreprise` (`entreprise`)
) ENGINE=InnoDB  DEFAULT CHARSET=utf8 AUTO_INCREMENT=2065 ;

--
-- Contenu de la table `client`
--

INSERT INTO `client` (`id`, `nom`, `email`, `telephone`, `adresse`, `entreprise`, `check`) VALUES
(1, 'Super U Candé', 'candé@superu.fr', '0241656787', 'Candé', 1, 0),
(2, 'Super U Segré', 'segré@superu.fr', '0241765643', 'C.C. La Renaissance - Route de Laval - D775, 49500 Segré', 1, 0),
(3, 'Super U Craon', 'craon@superu.fr', '0243789867', 'Super U, ZA La Pepiniere, 53400 Craon', 1, 0),
(763, 'Ad', NULL, '+33604478480', '', 1, 0),
(764, 'Adrien  Menier', '', '07 77 77 51 46', '', 1, 0),
(765, 'alexandre  ', 'alexandrebellier@hotmail.fr', '', '', 1, 0),
(766, 'Alexandre  Bellier', '', '0679655880', '', 1, 0),
(767, 'Alexandre  Bonsergent', '', '0683834586', '', 1, 0),
(768, 'Alexandre  Dut', '', '+33614212195', '', 1, 0),
(769, 'Alexandre  planchais', '', '', '', 1, 0),
(770, 'Alexis  Prod''homme', 'alexis_boss_95@hotmail.fr', '0630431972', '', 1, 0),
(771, 'Aline Le Qu', '', '06 32 24 59 94', '', 1, 0),
(772, 'Alisia  M', '', '0637470962', '', 1, 0),
(773, 'Allison  ', '', '+33681206711', '', 1, 0),
(774, 'anais  ', 'MAILER-DAEMON@orange.fr', '+33647417571', '', 1, 0),
(775, 'Anais  Bde', '', '06 61 75 32 83', '', 1, 0),
(776, 'Ana', '', '0604498452', '', 1, 0),
(777, 'Andorin  Maeva', '', '', '', 1, 0),
(778, 'Andr', '', '0629410892', '', 1, 0),
(779, 'Andrea  ', '', '00491705112182', '', 1, 0),
(780, 'Annaelle  Lorandel', '', '0642814280', '', 1, 0),
(781, 'Anne-c', '', '0622953419', '', 1, 0),
(782, 'Annette  Franck', '', '00 49 177 7817371', '', 1, 0),
(783, 'Anthony  Richard', '', '+33631942846', '', 1, 0),
(784, 'Antoine  Couet', '', '0646102137', '', 1, 0),
(785, 'Antoine  Gueron', '', '06 22 91 24 86', '', 1, 0),
(786, 'Antoine  Leroyer', '', '', '', 1, 0),
(787, 'Antonin  ', '', '+33 6 87 79 56 02', '', 1, 0),
(788, '  ', '', '', '', 1, 0),
(789, 'Aristide  Volard', '', '0650229488', '', 1, 0),
(790, 'Arthur  Marcelin', '', '06 86 06 50 35', '', 1, 0),
(791, 'Aur', 'aurelifab@hotmail.fr', '0664970092', '', 1, 0),
(792, 'Baptiste  ROUGER', 'rouger.baptiste@gmail.com', '02 43 70 39 90', '10 rue beausoleil\r\nSaint Quentin Les Anges   53400\r\nFrance', 1, 0),
(793, 'Benjamin  Buffard', '', '0673081295', '', 1, 0),
(794, 'Beno', '', '0243686008', '', 1, 0),
(795, 'Bertrand Le Gac', '', '07 86 17 29 55', '', 1, 0),
(796, 'Calvin  ', '', '+33601728939', '', 1, 0),
(797, 'Capucine  Lamoine', '', '06 80 85 66 13', '', 1, 0),
(798, 'Caroline  S', 'carolinesejourne13@gmail.com', '0760085225', '', 1, 0),
(799, 'Cassandre  Chevillard', '', '', '', 1, 0),
(800, 'Cathy  Mochet', '', '+33633050947', '', 1, 0),
(801, 'C', '', '', '', 1, 0),
(802, 'C', '', '06 58 72 86 40', '', 1, 0),
(803, 'Charline  ', '', '06 46 77 34 49', '', 1, 0),
(804, 'Charlotte  Robin', '', '06 64 39 30 04', '', 1, 0),
(805, 'Chaton  <3', '', '06 68 36 08 29', '', 1, 0),
(806, 'Chaton Non Persistant', '', '+33633890018', '', 1, 0),
(807, 'Chlo', '', '+33 6 32 73 53 30', '', 1, 0),
(808, 'Claude  L''anton', '', '06 69 51 00 08', '', 1, 0),
(809, 'Cl', '', '0626257378', '', 1, 0),
(810, 'Corentin  Grosbois', '', '', '', 1, 0),
(811, 'Corentin  Pinel', '', '06 46 74 56 71', '', 1, 0),
(812, 'Corinne  Bellier', '', '0629057961', '', 1, 0),
(813, 'Cotentin  Rabouin', '', '+33 6 33 75 40 09', '', 1, 0),
(814, 'Damien  ', '', '+33 6 50 99 38 01', '', 1, 0),
(815, 'David  Louaisil', '', '+33618421429', '', 1, 0),
(816, 'Diane  Berthelot', '', '0666489388', '', 1, 0),
(817, 'Dimitri  Saingre', '', '06 37 91 57 23', '', 1, 0),
(818, 'Docteur  Meunier', '', '06 09 79 18 82', '', 1, 0),
(819, 'Dominique  Marteau', 'd.marteau@yahoo.fr', '0243062666', '', 1, 0),
(820, 'Dylan  Gautier', 'tonton.judas@gmail.com', '+33 6 58 43 73 44', '', 1, 0),
(821, 'Dylan  Gouraud', '', '0658211157', '', 1, 0),
(822, '', '', '0631354307', '', 1, 0),
(823, '', '', '06 16 52 18 13', '', 1, 0),
(824, 'Fanfan  ', '', '+33674055287', '', 1, 0),
(825, 'Fixe  Matthey', '', '+33 9 82 38 66 71', '', 1, 0),
(826, 'Florent  Bonsergent', '', '0787066230', '', 1, 0),
(827, 'Florian  Berson', '', '0683973477', '', 1, 0),
(828, 'Fran', '', '0243060521', '', 1, 0),
(829, 'Fran', '', '+33602393641', '', 1, 0),
(830, 'Fran', '', '0786428328', '', 1, 0),
(831, 'Francois  W', '', '06 23 92 00 17', '', 1, 0),
(832, 'Gael  Delorme', '', '06 31 59 92 49', '', 1, 0),
(833, 'Gauthier  Masson', '', '06 76 09 16 44', '', 1, 0),
(834, 'Gilles  Bordier', 'BORDIER.GILLES@wanadoo.fr', '', '', 1, 0),
(835, 'Gwen(covoiturage)  ', '', '+33687024371', '', 1, 0),
(836, 'Harold  ', '', '07 82 45 56 58', '', 1, 0),
(837, 'Helene  ', '', '', '', 1, 0),
(838, 'Houdellier  L', '', '07 86 43 59 08', '', 1, 0),
(839, 'Hugo  Pigeon', '', '+33 6 37 24 55 84', '', 1, 0),
(840, 'Hugo  Sanslavilke', '', '+33781994091', '', 1, 0),
(841, 'Hugues  Oger', '', '0633371302', '', 1, 0),
(842, 'Isa  Cano', '', '0699021696', '', 1, 0),
(843, 'James  Dorian', '', '+353861542784', '', 1, 0),
(844, 'Jannick  Michel', '', '+33678439689', '', 1, 0),
(845, 'Jarrys  ', '', '+33 6 24 62 77 03', '', 1, 0),
(846, 'Jean-Baptiste  Paumier', '', '', '', 1, 0),
(847, 'Jean-charles  Richard', '', '+33243061746', '', 1, 0),
(848, 'Jean-Jacques  Cerisier', '', '+33 6 71 24 89 52', '', 1, 0),
(849, 'J', '', '06 98 01 87 93', '', 1, 0),
(850, 'Joris  Laurent', 'jochlaurent53@gmail.com', '+33607402000', '', 1, 0),
(851, 'Jules  Asgostini', '', '06 52 09 85 71', '', 1, 0),
(852, 'Julie (Copine Simon)', '', '+33647933534', '', 1, 0),
(853, 'Julie  L', '', '06 71 06 46 00', '', 1, 0),
(854, 'Julie  Villedieu', '', '+33669758106', '', 1, 0),
(855, 'Julien  Ferrer', '', '0614950286', '', 1, 0),
(856, 'Julien  Pallaird', '', '0786295137', '', 1, 0),
(857, 'Juliette  ', '', '+33659734863', '', 1, 0),
(858, 'Lalie  Jarry', '', '+33628732651', '', 1, 0),
(859, 'Laureen  Loison', '', '06 72 30 10 30', '', 1, 0),
(860, 'L', '', '0674455963', '', 1, 0),
(861, 'Louise  ', '', '+33678304229', '', 1, 0),
(862, 'Lucie  Drouet', '', '+33 6 65 73 51 69', '', 1, 0),
(863, 'Lucien  Giraudet', '', '+33610790937', '', 1, 0),
(864, 'Ludovic  Beillouin', '', '+33662997326', '', 1, 0),
(865, '  ', '', '', '', 1, 0),
(866, 'Lydie  ', '', '0682608175', '', 1, 0),
(867, 'Ma petite ch', '', '06 88 90 93 85', '', 1, 0),
(868, 'Ma', '', '+33770030147', '', 1, 0),
(869, 'Maelane  Giret', '', '0677357647', '', 1, 0),
(870, 'Maeva  Andorin', '', '0786279582', '', 1, 0),
(871, 'Maeva  Luzu', '', '0689167777', '', 1, 0),
(872, 'ma', 'luzu.maeva@hotmail.fr', '', '', 1, 0),
(873, 'Maison  Floriane', '', '0983287720', '', 1, 0),
(874, 'Maison  Nantes', '', '+33 2 40 75 52 42', '', 1, 0),
(875, 'Maison Saint Seb', '', '+33973539612', '', 1, 0),
(876, 'Maman  ', '', '0953314501', '', 1, 0),
(877, 'mamie  ', 'rouger.jeanette@bbox.fr', '', '', 1, 0),
(878, 'Mamie  ', '', '0243682024', '', 1, 0),
(879, 'Mamie De Flo', '', '+33 6 59 86 31 25', '', 1, 0),
(880, 'Mamie  Marie-ange', '', '02 43 37 94 41', '', 1, 0),
(881, 'Margaux  Halberstadt', '', '06 61 06 43 69', '', 1, 0),
(882, 'Marie  Delaunay', '', '+33618663899', '', 1, 0),
(883, 'Marie  Jouenne', '', '0621645084', '', 1, 0),
(884, 'Marie Projet Jeune', '', '+33 9 64 25 42 87', '', 1, 0),
(885, 'Marion  Landais', '', '0635308739', '', 1, 0),
(886, 'Martin  ', '', '00491704838870', '', 1, 0),
(887, 'Martin  Bonnet', '', '06 37 73 04 01', '', 1, 0),
(888, 'Martin  Levrard', 'levrard.martin@gmail.com', '+33750295703', '', 1, 0),
(889, 'Mary  Durand', '', '0686885487', '', 1, 0),
(890, 'Mathieu  Goulay', '', '', '', 1, 0),
(891, 'Matthieu  goulay', 'ptit-goulay@hotmail.fr', '', '', 1, 0),
(892, 'Maxime  Ferrer', 'maxf1@hotmail.fr', '0612393382', '', 1, 0),
(893, 'Mc  Abb', '', '06 16 88 28 88', '', 1, 0),
(894, 'Mc  Hack', '', '06 30 50 35 49', '', 1, 0),
(895, 'Megane  Linget', '', '+33 6 95 72 56 66', '', 1, 0),
(896, 'M', '', '06 50 80 60 02', '', 1, 0),
(897, 'MME Odile GERE', '04824@cmmabn.creditmutuel.fr', '', '', 1, 0),
(898, 'Mme  Trommeur', '', '0621736653', '', 1, 0),
(899, 'Morgane  ', 'crunchdu53@hotmail.fr', '', '', 1, 0),
(900, 'Nadine  Lardeux', '', '0630730874', '', 1, 0),
(901, 'Nicolas  Landais', '', '0634456322', '', 1, 0),
(902, 'Niellez  Cassandra', '', '06 16 38 94 10', '', 1, 0),
(903, 'NRJ  ', '', '61112', '', 1, 0),
(904, 'Olivia  Meignant', '', '0633429044', '', 1, 0),
(905, 'Papa  ', 'laurent.rouger@bbox.fr', '0243703990', '', 1, 0),
(906, 'Papie  ', '', '02 43 68 20 24', '', 1, 0),
(907, 'Patrick  Cano', '', '06 61 77 03 99', '', 1, 0),
(908, 'Paul  Madiot', '', '0243065049', '', 1, 0),
(909, 'Pauline  Guess', '', '+4793417698', '', 1, 0),
(910, 'Pauline  Poch', '', '0601720593', '', 1, 0),
(911, 'Pierre  Barretep', '', '+33658167299', '', 1, 0),
(912, 'Pierre-Alexandre  Bouvet', '', '+33659238433', '', 1, 0),
(913, 'Pipi  ', '', '06 58 00 51 72', '', 1, 0),
(914, 'Quentin  Canovas', '', '+33661501051', '', 1, 0),
(915, 'Quentin  Lesourd', '', '', '', 1, 0),
(916, 'Quentin  Naturel', '', '06 72 64 10 62', '', 1, 0),
(917, 'R', '666', '', '', 1, 0),
(918, 'Robin  Delaporte', '', '+33 6 09 14 33 45', '', 1, 0),
(919, 'romain  tuault', 'ptit.romaiin@hotmail.fr', '', '', 1, 0),
(920, 'Roman  Uzal', '', '06 17 07 28 17', '', 1, 0),
(921, 'samuel  ', 'samuel.veille@hotmail.fr', '', '', 1, 0),
(922, 'Sean  ', '', '06 50 47 38 55', '', 1, 0),
(923, 'S', '', '07 85 63 61 69', '', 1, 0),
(924, 'Simon  Goulay', 'simon.goulay@yahoo.fr', '0677037111', '', 1, 0),
(925, 'Sylvain  Bidault', 'sylvainbidault.tauxdiscount@orange.fr', '06 78 62 65 30', '', 1, 0),
(926, 'Tatataatataatyatat  ', '', '', '', 1, 0),
(927, 'Th  ', '', '0678343397', '', 1, 0),
(928, 'Thibaud  Courtoison', '', '06 77 06 00 28', '', 1, 0),
(929, '  ', 'thibaultbabara12@hotmail.fr', '', '', 1, 0),
(930, 'Thiffany  ', '', '+33616970709', '', 1, 0),
(931, 'Thomas  Guineheux', '', '0645655531', '', 1, 0),
(932, 'Thomas  Picard', '', '+33658870929', '', 1, 0),
(933, 'Tiburce  ', '', '+33 6 98 29 05 36', '', 1, 0),
(934, 'Timoth', '', '+33760074902', '', 1, 0),
(935, 'Tonton  ', '', '0760022665', '', 1, 0),
(936, 'Valentin  Fac', '', '+33 6 59 57 43 86', '', 1, 0),
(937, 'Valentin  Gaultier', '', '', '', 1, 0),
(938, 'Val', '', '06 62 14 10 36', '', 1, 0),
(939, '  ', 'vava.jsp@hotmail.fr', '', '', 1, 0),
(940, 'V', '', '+33 6 08 27 48 29', '', 1, 0),
(941, 'Ventin  ', '', '0663204524', '', 1, 0),
(942, 'vicdu49  ', 'vicdu49@gmail.com', '', '', 1, 0),
(943, 'Victor  Muhammad', '', '', '', 1, 0),
(944, 'Victoria  ', '', '+33615828578', '', 1, 0),
(945, 'Vincent  ', '', '+33602283171', '', 1, 0),
(946, 'Vincent  Piton', 'bill-53_@live.fr', '', '', 1, 0),
(947, 'Vivien  ', '', '', '', 1, 0),
(948, 'wii dela famille', 'w5508620679621587@wii.com', '', '', 1, 0),
(949, 'William  ', '', '0667893808', '', 1, 0),
(950, 'Zach  Smithson', '', '06 32 28 80 74', '', 1, 0),
(952, 'Bureau', NULL, NULL, NULL, 1, 0),
(954, 'Alexia Baillot', '', '', '', 2, 0),
(955, 'Aline ', '', '', '', 2, 0),
(956, 'Annie Boucherie', '', '', '', 2, 0),
(957, 'Assiata Kon', '', '', '', 2, 0),
(958, 'Baptiste Rouger', 'rouger.baptiste@gmail.com', '', '', 2, 0),
(959, 'Campain Pat', '', '', '', 2, 0),
(960, 'Carole Thibault', '', '', '', 2, 0),
(961, 'Caroline Capillier', '', '', '', 2, 0),
(962, 'Cl', '', '', '', 2, 0),
(963, 'Clement Legolvan', '', '', '', 2, 0),
(964, 'Foucher Claudie', '', '', '', 2, 0),
(965, 'Isabelle Pedarros', 'isabelle_pimouguet_pedarros@yahoo.fr', '', '', 2, 0),
(966, 'Laurence Cailleux', '', '', '', 2, 0),
(967, 'Madame Clark', 'alice.clarkoo@gmail.com', '', '', 2, 0),
(968, 'Madame Pohut-sourice', '', '', '', 2, 0),
(969, 'MIREILLE CORBIER', 'corbier@msh-paris.fr', '', '', 2, 0),
(970, 'QUENTIN CANOVAS', 'le5eme@hotmail.fr', '', '', 2, 0),
(971, 'First Name Last Name', 'E-mail Address', 'Primary Phone', 'Home Address', 1, 0),
(972, '2c ', '', '', '', 1, 0),
(973, 'Adrien Berrue', '', '+33 6 23 29 45 90', '', 1, 0),
(974, 'Adrien Crozat', '', '', '28, rue du bon repos\r\nAngers, Pays de la Loire 49000\r\nFrance', 1, 0),
(975, 'Agathe Raveneau', '', '', '', 1, 0),
(976, ' ', 'akram.hamdiha@gmail.com', '', '', 1, 0),
(977, 'Aldwin Yadeo', '', '', '', 1, 0),
(978, 'Alel Timsit', '', '', '', 1, 0),
(979, 'Alex Dekker', 'alexdekker@live.nl', '', 'Alblasstraat 53\r\nAmsterdam, Noord-Holland 1079ZK\r\nNetherlands', 1, 0),
(980, 'Alexandre Boucherie', 'alexandre.boucherie@gmail.com', '', '', 1, 0),
(981, 'Alexandre Pha', '', '', '', 1, 0),
(982, 'Alexis Coupechoux', '', '', '', 1, 0),
(983, 'Alexis Guinoiseau', '', '', '', 1, 0),
(984, 'Alice Morange', '', '', '', 1, 0),
(985, 'Amaury Landais', 'amaury49@facebook.com', '', '12 rue du bocage\r\nAngers, Pays de la Loire 49000\r\nFrance', 1, 0),
(986, 'Ambre Slaoute', 'ambre.slaoute.7@facebook.com', '', '34 bd gaston dumesnil ; 20 rue guittet\r\nAngers, Pays de la Loire 49100\r\nFrance', 1, 0),
(987, 'Anais Banchereau', '', '', '', 1, 0),
(988, 'Anisset ', '', '', '', 1, 0),
(989, 'Anna Haro', 'anna-haro@mac.com', '', '1001  Leavenworth Street\r\nSausalito ,CA 94965\r\nUSA', 1, 0),
(990, ' ', 'ant.hess2@gmail.com', '', '', 1, 0),
(991, 'Anthony Perroud', '', '', '', 1, 0),
(992, 'Antoine ', '', '', '', 1, 0),
(993, 'Antoine Barrois', '', '', '', 1, 0),
(994, 'Antoine Dailcroix', '', '', '', 1, 0),
(995, 'Antoine Gueron', '', '', '', 1, 0),
(996, 'Antoine Metairie', '', '', '', 1, 0),
(997, 'Antoine Planti', '', '', '', 1, 0),
(998, 'Antoine Voisin Du Dessous', '', '', '', 1, 0),
(999, 'Appartement Bellamy ', '', '', '', 1, 0),
(1000, ' ', '', '', '', 1, 0),
(1001, ' ', 'arcourt.theo@gmail.com', '', '', 1, 0),
(1002, 'Argent ', '', '', '', 1, 0),
(1003, 'Arnaud Avot', '', '', '', 1, 0),
(1004, 'Arnaud Fournier', '', '', '', 1, 0),
(1005, 'Arnaud Le Flecher', '', '', '', 1, 0),
(1006, 'Arthur Fauconnier', '', '', '', 1, 0),
(1007, 'Arthur Lherbiez', '', '', '', 1, 0),
(1008, 'Arthur Poulain', '', '', '', 1, 0),
(1009, 'Assou Cmr', '', '', '97 BD joseph bedier\r\nAngers, Pays de la Loire 49000\r\nFrance', 1, 0),
(1010, 'Atzon Ray', '', '', '', 1, 0),
(1011, 'Baptiste Jamin', '', '', '', 1, 0),
(1012, 'Baptiste Nail', '', '', '', 1, 0),
(1013, 'Baptiste Rougee', '', '', '', 1, 0),
(1014, 'Baptiste ROUGER', 'rouger.baptiste@gmail.com', '', '', 1, 0),
(1015, 'Bart ', '', '', '', 1, 0),
(1016, 'Bastien Legaigneur', '', '', '', 1, 0),
(1017, 'Bastien Legeay', '', '', '', 1, 0),
(1018, ' ', 'bastien.rt@gmail.com', '', '', 1, 0),
(1019, 'Benoit ', '', '', '', 1, 0),
(1020, ' ', '', '', '', 1, 0),
(1021, 'Bobbi ', '', '', '', 1, 0),
(1022, ' ', 'boudaud.calcin@gmail.com', '', '', 1, 0),
(1023, 'Brandon Van Het Nederend', '', '', 'Juralaan 29\r\nSon ,North Brabant 5691JC\r\nNetherlands', 1, 0),
(1024, 'Brigitte Sauvager Immobilier ', '', '', '', 1, 0),
(1025, 'C''est Le Mec D''une Pote A Guillaume ', '', '', '', 1, 0),
(1026, 'Calvin Boudaud', '', '', '', 1, 0),
(1027, 'Camille Destret', '', '', '', 1, 0),
(1028, 'Camille Drouet', '', '', '', 1, 0),
(1029, 'Camille Gourdon', '', '', '', 1, 0),
(1030, 'Capucine Boursier', '', '', '', 1, 0),
(1031, ' ', 'cartoffset@gmail.com', '', '', 1, 0),
(1032, 'Casper Tonnaer', 'caspertonnaer@gmail.com', '', '', 1, 0),
(1033, 'Charles Chotard', 'chotard.ch@gmail.com', '', '', 1, 0),
(1034, 'Charlotte Vassal', '', '', '', 1, 0),
(1035, 'Charu ', '', '', '', 1, 0),
(1036, 'Chepis ', '', '', '', 1, 0),
(1037, 'Chissac Appartement Jolie Jolie', '', '', '', 1, 0),
(1038, 'Chlo', '', '', '', 1, 0),
(1039, 'Cl', '', '', '', 1, 0),
(1040, 'Cl', '', '', '', 1, 0),
(1041, 'Clo', '', '', '', 1, 0),
(1042, 'Constance ', '', '', '', 1, 0),
(1043, 'Copine Thomas ', '', '', '', 1, 0),
(1044, 'Copro Rue Laennec ', '', '', '', 1, 0),
(1045, 'Coralie Benoit', '', '', '', 1, 0),
(1046, 'Coralie Boisseau', '', '', '', 1, 0),
(1047, 'Corentin Lemoullec', '', '', '', 1, 0),
(1048, 'Corinne Domino', '', '', '', 1, 0),
(1049, 'Coupe Tiff ', '', '', '', 1, 0),
(1050, 'Cyril Taunay', '', '', '', 1, 0),
(1051, 'DameBlanche-Caf', '', '', '35 GRANDE RUE\r\nPort-Louis, Bretagne 56290\r\nFrance', 1, 0),
(1052, 'Daniel Higgins', 'd-higgins@mac.com', '', '332 Laguna Street\r\nCorte Madera ,CA 94925\r\nUSA', 1, 0),
(1053, 'David Reullier', '', '', '', 1, 0),
(1054, 'David Taylor', '', '', '1747 Steuart Street\r\nTiburon, CA 94920\r\nUSA', 1, 0),
(1055, 'Dekra Autocontrole', '', '', '', 1, 0),
(1056, ' ', 'delaporte.wandrille@gmail.com', '', '', 1, 0),
(1057, 'Didier Dewil', '', '', 'Rue ', 1, 0),
(1058, 'Ebaupin ', '', '', '', 1, 0),
(1059, 'Edci Informatique', '', '', '', 1, 0),
(1060, 'Edouard Lamort', '', '', '', 1, 0),
(1061, 'Edouard Morini', 'edouard.moriniere@facebook.com', '', '38 rue La Noue Bras-de-Fer\r\nNantes, Pays de la Loire 44200\r\nFrance', 1, 0),
(1062, 'Elodie Couilleaux', '', '', '', 1, 0),
(1063, 'Elodie Iz', '', '', '', 1, 0),
(1064, ' ', '', '', '', 1, 0),
(1065, 'Emma Montag', '', '', '', 1, 0),
(1066, 'Emmanuel Ravaut', '', '', '', 1, 0),
(1067, 'Emmanuelle Maillard', '', '', '', 1, 0),
(1068, 'Erwan  ', '', '', '', 1, 0),
(1069, 'Esmee Mocking', '', '', '', 1, 0),
(1070, 'Etienne Bou', '', '', '', 1, 0),
(1071, 'Etienne Hardoin', 'hardoin.etienne@gmail.com', '', '', 1, 0),
(1072, 'Etienne Hocquard', '', '', '', 1, 0),
(1073, 'Fabien Meslet', '', '', '', 1, 0),
(1074, 'Fabienne Couille Bois', '', '', '', 1, 0),
(1075, 'Ferdinand Scudeller', '', '', '', 1, 0),
(1076, 'Flavien Baillargeau', '', '', '', 1, 0),
(1077, 'Florent Vieron', '', '', '', 1, 0),
(1078, 'Florian Gabard', '', '', '', 1, 0),
(1079, 'Floriand Delaporte', '', '', '', 1, 0),
(1080, 'Fouad ', '', '', '', 1, 0),
(1081, 'Fran', '', '', '', 1, 0),
(1082, 'Fran', '', '', '', 1, 0),
(1083, 'Francois Thomas', '', '', '', 1, 0),
(1084, 'Gabrielle Caccia', '', '', 'Angers, Pays de la Loire\r\nFrance', 1, 0),
(1085, 'Gabrielle Laigneau', '', '', '', 1, 0),
(1086, 'Gache ', '', '', '', 1, 0),
(1087, 'Gaytan Sio ', '', '', '', 1, 0),
(1088, 'Georges Guelters', 'georges.guelters@gmail.com', '', 'Angers, Pays de la Loire\r\nFrance', 1, 0),
(1089, ' ', 'greenight53@hotmail.fr', '', '', 1, 0),
(1090, 'Gregoire Wagner', '', '', '', 1, 0),
(1091, ' ', 'Gregoire.bejjaji@gmail.com', '', '', 1, 0),
(1092, 'Guerroumi Celia', '', '', '', 1, 0),
(1093, 'Guillaume Arfeuill', '', '', '4 place neuve\r\nLe Bailleul ,Pays de la Loire 72200\r\nFrance', 1, 0),
(1094, 'Guillaume Bou', '', '', '', 1, 0),
(1095, 'Guillaume Btd', 'guillaume.bitaud@facebook.com', '', 'ENSTA Bretagne, 2 rue Fran', 1, 0),
(1096, 'Guiral Delaporte', '', '', '', 1, 0),
(1097, ' ', '', '', '', 1, 0),
(1098, 'Guiraldos ', '', '', '', 1, 0),
(1099, 'Guiraldos Delaportos', '', '', '', 1, 0),
(1100, 'Hamanou Maison Du Monde', '', '', '', 1, 0),
(1101, 'Hank Zakroff', 'hank-zakroff@mac.com', '', '', 1, 0),
(1102, 'Harold ', '', '', '', 1, 0),
(1103, 'Harold Parpex', '', '', '', 1, 0),
(1104, ' ', 'harold.parpex@gmail.com', '', '', 1, 0),
(1105, 'Hawoussou Camara', '', '', '', 1, 0),
(1106, 'Helene Brunel', '', '', '', 1, 0),
(1107, 'Hommelette  ', '', '', '', 1, 0),
(1108, 'Hortense Le Blouc''h', '', '', '', 1, 0),
(1109, 'Houcine Meliani', '', '', '', 1, 0),
(1110, ' ', 'hsanslaville@gmail.com', '', '', 1, 0),
(1111, 'Hugo Lievre', '', '', '', 1, 0),
(1112, 'Hugo Millot', '', '', '', 1, 0),
(1113, 'Hugo Sanslaville', '', '', '', 1, 0),
(1114, 'Ilse Chazotte', '', '', '', 1, 0),
(1115, 'India ', '', '', '', 1, 0),
(1116, 'Ine Coppers', '', '', '', 1, 0),
(1117, 'jean-christophe Delaporte', 'tofnat49@gmail.com', '', '', 1, 0),
(1118, 'Jeanne ', '', '', '', 1, 0),
(1119, 'Jen Poule ', '', '', '', 1, 0),
(1120, 'Jeremy Web2C', '', '0632842994', '', 1, 0),
(1121, 'Johan ', '', '', '', 1, 0),
(1122, 'Johanna  Wan', '', '', '', 1, 0),
(1123, 'John Appleseed', 'John-Appleseed@mac.com', '', '1234 Laurel Street\r\nAtlanta, GA 30303\r\nUSA', 1, 0),
(1124, 'Jordan Pelletier', '', '', '', 1, 0),
(1125, 'Joseph Emery', '', '', '', 1, 0),
(1126, 'Josephine ', '', '', '', 1, 0),
(1127, 'Julie Kalingler', '', '', '', 1, 0),
(1128, 'Julie L''H', '', '', '', 1, 0),
(1129, 'Julien Laurent', '', '', '', 1, 0),
(1130, 'Julien Maitre', '', '', '', 1, 0),
(1131, 'Julien Rffc', '', '', 'Kuala Lumpur ,Kuala Lumpur\r\nMalaysia', 1, 0),
(1132, 'Julien Rouffiac', '', '', '', 1, 0),
(1133, 'Julien Thepin', '', '', '', 1, 0),
(1134, ' ', 'juliens.laurent@gmail.com', '', '', 1, 0),
(1135, 'Juliette ', '', '', '', 1, 0),
(1136, 'Juliette Meignant', '', '', '', 1, 0),
(1137, 'Justine Cibron', '', '', '', 1, 0),
(1138, 'Jwan ', 'johanna-w@live.fr', '', '', 1, 0),
(1139, ' ', 'karassev.alexis@gmail.com', '', '', 1, 0),
(1140, 'Karlijn Wesenbeek', '', '', '', 1, 0),
(1141, 'Kate Bell', 'kate-bell@mac.com', '(415) 555-3695', '', 1, 0),
(1142, 'K', '', '', '', 1, 0),
(1143, 'Kevin Brachet', '', '', '', 1, 0),
(1144, 'Kevin Ducournau', '', '', '', 1, 0),
(1145, 'Khalid Tayebi', '', '', '', 1, 0),
(1146, 'Khalil Tajaoui', '', '', '', 1, 0),
(1147, 'Kim Paviot', '', '', '', 1, 0),
(1148, 'Kine ', '', '', '', 1, 0),
(1149, 'Kono ', '', '', '', 1, 0),
(1150, 'La Heuss ', '', '', '', 1, 0),
(1151, 'Lauralie Naurais', '', '', '', 1, 0),
(1152, ' ', 'laure.duchemin.c2i@gmail.com', '', '', 1, 0),
(1153, 'Laureen Loison', '', '', '', 1, 0),
(1154, 'Lauzons! ', '', '', '', 1, 0),
(1155, 'Le Chat ', '', '', '', 1, 0),
(1156, 'L', '', '', '', 1, 0),
(1157, 'L', '', '', '', 1, 0),
(1158, ' ', 'leblanc@marian.corn', '', '', 1, 0),
(1159, 'Leila ', '', '', '', 1, 0),
(1160, 'Lenny Jah', '', '', '', 1, 0),
(1161, 'Leo Og', '', '', '', 1, 0),
(1162, ' ', '', '', '', 1, 0),
(1163, 'Lili R', '', '', '', 1, 0),
(1164, 'Lilly Farges', '', '', '', 1, 0),
(1165, 'Lilly Mejean', '', '', '', 1, 0),
(1166, 'Lisa L', 'lisa_leonet@hotmail.fr', '', '', 1, 0),
(1167, ' ', 'llerougealexandre@gmail.com', '', '', 1, 0),
(1168, 'Loris Randazzo', '', '', '', 1, 0),
(1169, 'Luc ', '', '', '', 1, 0),
(1170, 'Lucas Richomme', '', '', '', 1, 0),
(1171, 'Lucas Seconde', '', '', '', 1, 0),
(1172, 'Lucie Souchon', '', '', '', 1, 0),
(1173, 'Ma', '', '', '', 1, 0),
(1174, 'Maeva Glotin', '', '', '', 1, 0),
(1175, 'Maison ', '', '', '', 1, 0),
(1176, 'Malek ', '', '', '', 1, 0),
(1177, 'Malika Vinet', '', '', '', 1, 0),
(1178, 'Maman ', '', '', '', 1, 0),
(1179, 'Manon Da Silva', '', '', '', 1, 0),
(1180, 'Manu Durand', '', '', '', 1, 0),
(1181, 'Manu Ravaut', '', '', '', 1, 0),
(1182, 'Margaux Berthelot', '', '', '', 1, 0),
(1183, 'Margaux Bissinger', '', '', '', 1, 0),
(1184, 'Margaux Blanchard', '', '', '', 1, 0),
(1185, 'Margaux Vinet', '', '', 'rue st aubin\r\nAngers ,Pays de la Loire 49000\r\nFrance', 1, 0),
(1186, 'Margot Lebret', '', '', '', 1, 0),
(1187, 'Mari Line ', '', '', '', 1, 0),
(1188, 'Marian Leblanc', '', '', '', 1, 0),
(1189, 'Marie Blondeau', '', '', '', 1, 0),
(1190, 'Marie Lalande', '', '', '', 1, 0),
(1191, 'Marie-a Bougon', '', '', '', 1, 0),
(1192, 'Marin Rouleau', '', '', '', 1, 0),
(1193, 'Marine Brault', '', '', '', 1, 0),
(1194, 'Marine Migault', '', '', '', 1, 0),
(1195, 'Marion ', '', '', '', 1, 0),
(1196, 'Marion Bremond', '', '', '', 1, 0),
(1197, 'Marion Degorce', '', '', '', 1, 0),
(1198, 'Marion Guerniou', '', '', '', 1, 0),
(1199, 'Marion Vsn', 'mvoisine@gmx.fr', '', '', 1, 0),
(1200, 'Marti La Frappe', '', '', '', 1, 0),
(1201, 'Mary Arseguel', '', '', '', 1, 0),
(1202, ' ', 'matclemp@gmail.com', '', '', 1, 0),
(1203, 'Mathieu Bourgeois', '', '', '', 1, 0),
(1204, 'Mathieu Ln', '', '', '', 1, 0),
(1205, 'Mathieu Maison', '', '', '', 1, 0),
(1206, 'Mathieu Pelletier', '', '', '', 1, 0),
(1207, 'Mathieu Tagada', '', '', '', 1, 0),
(1208, ' ', 'mathieu.nauleau@gmail.com', '', '', 1, 0),
(1209, 'Mathilde Meuric M', '', '', '', 1, 0),
(1210, 'Mathilde Oger', '', '', '', 1, 0),
(1211, 'Matthieu Savary ', '', '', '', 1, 0),
(1212, ' ', 'matthieu.nauleau@gmail.com', '', '', 1, 0),
(1213, 'Max Labite', '', '', '', 1, 0),
(1214, 'Mehdi Moumen', '', '', '', 1, 0),
(1215, 'Mehdi Raibam', '', '', '', 1, 0),
(1216, 'Melanie Durand', '', '', '', 1, 0),
(1217, 'M', '', '', '23 rue jean cocteau\r\nTr', 1, 0),
(1218, 'Melanie Fontan', '', '', '', 1, 0),
(1219, 'Melanie Hecker', '', '', '', 1, 0),
(1220, 'Merlin Longuet', '', '', '', 1, 0),
(1221, 'Michael Desta', '', '', '', 1, 0),
(1222, 'Monsinagogue ', '', '', '', 1, 0),
(1223, ' ', 'myriam.rseck@gmail.com', '', '', 1, 0),
(1224, 'Nano ', '', '', '', 1, 0),
(1225, 'Nathanael ', '', '', '', 1, 0),
(1226, 'N', '', '', '', 1, 0),
(1227, ' ', '', '', '', 1, 0),
(1228, 'Nicolas Bunel', '', '', '', 1, 0),
(1229, 'Nicolas Gallard', '', '', '', 1, 0),
(1230, 'Nicolas Gautier', 'nicolas.gautier.1023@facebook.com', '', '', 1, 0),
(1231, 'Nicolas Renou', '', '', '', 1, 0),
(1232, 'Nina Cornu', '', '', '', 1, 0),
(1233, 'Nina Fournier', '', '', '', 1, 0),
(1234, 'Oc', '', '', '', 1, 0),
(1235, 'Okapi Angers', 'okapi.angers@facebook.com', '', '15 Rue des deux Haies\r\nAngers, Pays de la Loire 49100\r\nFrance', 1, 0),
(1236, 'Oliv ', '', '', '', 1, 0),
(1237, 'Ophelie  ', '', '', '', 1, 0),
(1238, 'Osteo ', '', '', '', 1, 0),
(1239, 'P-o ', '', '', '', 1, 0),
(1240, 'Papa ', '', '', '', 1, 0),
(1241, 'Parain Th', '', '', '', 1, 0),
(1242, 'Pascale Cantet', '', '', '', 1, 0),
(1243, 'Pauline Barba', '', '', '', 1, 0),
(1244, 'Peintre Appart Rue St Laud', '', '', '', 1, 0),
(1245, 'Perrine Germier', '', '', '', 1, 0),
(1246, 'Peter Mansard', '', '', 'Rue du pourparler\r\nBangkok, Bangkok 777777\r\nThailand', 1, 0),
(1247, ' ', '', '', '', 1, 0),
(1248, 'Pierre Moirez', '', '', '', 1, 0),
(1249, 'Pierre Raffenaud', '', '', '', 1, 0),
(1250, 'Pierre-Olivier Mainfroid', '', '', '', 1, 0),
(1251, 'Plan ', '', '', '', 1, 0),
(1252, 'Popote ', '', '', '', 1, 0),
(1253, 'Quentin Bellencourt', '', '', '90\r\nBoulevard Camus\r\nAngers 49000\r\nFrance', 1, 0),
(1254, ' ', '', '', '', 1, 0),
(1255, 'Quentin Mace', '', '', 'Ste Anne\r\nLombron, Pays de la Loire 72450\r\nFrance', 1, 0),
(1256, 'Randstad Fix ', '', '', '', 1, 0),
(1257, 'Raphael Chenoir', '', '', '', 1, 0),
(1258, 'Raphi ', '', '', '', 1, 0),
(1259, 'Raphi N''guyen', '', '', '', 1, 0),
(1260, 'Remi  ', '', '', '', 1, 0),
(1261, 'Robin Delaportou', 'robinou.delaportou@facebook.com', '', '', 1, 0),
(1262, 'Robin Delapoutre', '', '', '', 1, 0),
(1263, ' ', 'robin-delaporte@hotmail.fr', '', '', 1, 0),
(1264, 'Romain Cerveau', '', '', '', 1, 0),
(1265, 'Romain Fortanier', '', '', '', 1, 0),
(1266, 'Romain Moysan', '', '', '', 1, 0),
(1267, 'Romane Montreuil', '', '', '', 1, 0),
(1268, 'Rotka ', '', '', '', 1, 0),
(1269, ' ', '', '', '', 1, 0),
(1270, 'Roxanne B', '', '', '', 1, 0),
(1271, 'Roxanne Bulard', '', '', '', 1, 0),
(1272, 'Rudi Et Marleen ', '', '', '', 1, 0),
(1273, 'Rudy ', '', '', '', 1, 0),
(1274, 'Sabine ', '', '', '', 1, 0),
(1275, 'Sabine Matocq', '', '', 'Le placard sous l''escalier\r\nJa', 1, 0),
(1276, 'Sander Kooiman', '', '', 'Lekdijk 49\r\nAmmerstol ,Zuid-Holland 2865LB\r\nNetherlands', 1, 0),
(1277, 'Sandy Gueuriot', '', '', '', 1, 0),
(1278, 'Sara Van De Ven', '', '', '', 1, 0),
(1279, 'Sarah Olivry', '', '', '', 1, 0),
(1280, 'Shahinez La Meilleureeee Du Monde ', '', '', '', 1, 0),
(1281, 'Shep ', '', '', '', 1, 0),
(1282, 'simon Dujancourt', '', '', '', 1, 0),
(1283, 'Simon Minot', '', '', '', 1, 0),
(1284, 'Simon Nussbaum', 'sim.nussbaum@gmail.com', '', '', 1, 0),
(1285, 'Simon Pok A Rond De Tasse', '', '', '', 1, 0),
(1286, 'Simon Ropars', '', '', '', 1, 0),
(1287, 'Sipion Moulain', '', '', '', 1, 0),
(1288, 'Sophie Hulshoff', '', '', '', 1, 0),
(1289, 'Steven.aka.sapha ', '', '', '', 1, 0),
(1290, 'Sujeeth ', '', '', '', 1, 0),
(1291, 'Supermarion De La Mort Qui Tue Haiiiiiiiii ! :) ', '', '', '', 1, 0),
(1292, 'Sylvain Marignale', '', '', '', 1, 0),
(1293, 'Tanguy Cantet', '', '', '', 1, 0),
(1294, 'Theo Blet', '', '', '', 1, 0),
(1295, 'Th', '', '', '', 1, 0),
(1296, 'Th', '', '', '', 1, 0),
(1297, 'Theotim Herbert', '', '', '', 1, 0),
(1298, 'Thibault Letard', '', '', '', 1, 0),
(1299, 'Thiebaut Delaporte', '', '', '', 1, 0),
(1300, 'Thierry Cailleau', '', '', '', 1, 0),
(1301, 'Thomas  Bruijning', '', '', '', 1, 0),
(1302, 'Thomas Grangeard', '100004497555995@facebook.com', '', '', 1, 0),
(1303, 'Thomas LL ', '', '', '', 1, 0),
(1304, 'Thomas  Nourrit', '', '', '', 1, 0),
(1305, 'Timothe Sihalathavong', '', '', '', 1, 0),
(1306, 'Tom Boucher', '', '', '', 1, 0),
(1307, 'Tom Farges', 'tom.farges@gmail.com', '', '', 1, 0),
(1308, 'Tommy''s Cafe', '', '', '', 1, 0),
(1309, 'Valentin Cordeau', '', '', '', 1, 0),
(1310, 'Valentin Couchut', 'valou49c@facebook.com', '', '26 bis rue Detaille\r\nChampigny-sur-Marne, ', 1, 0),
(1311, 'Valentin Giegel', '', '', '', 1, 0),
(1312, 'Valentin Laurette', '', '', '', 1, 0),
(1313, 'Valentin Massot', '', '', '', 1, 0),
(1314, 'Valentin Moiwez', '', '', '', 1, 0),
(1315, 'Valentin Robert', '', '', '', 1, 0),
(1316, ' ', 'vfo1409@gmail.com', '', '', 1, 0),
(1317, 'Victor Doisneau', '', '', '', 1, 0),
(1318, 'Victor Leygue', '', '', '', 1, 0),
(1319, 'Vincent  Beaufreton', '', '', '', 1, 0),
(1320, 'Vincent Celea', '', '', '', 1, 0),
(1321, 'Vincent Chesneau', '', '', '', 1, 0),
(1322, 'Vincent Lr', '', '', '', 1, 0),
(1323, 'Wandrille Delaporte', '', '', '', 1, 0),
(1324, 'Werner Serjourne', '', '', '', 1, 0),
(1325, 'William  Belloche', '', '', '', 1, 0),
(1326, 'William Legendre', '', '', '', 1, 0),
(1327, ' ', 'wlegendre5@gmail.com', '', '', 1, 0),
(1328, 'Xavier Orero', '', '', '', 1, 0),
(1329, 'Yonn Aden Hugo', 'trimoreau.yonn@gmail.com', '', '', 1, 0),
(1330, 'Yonn Trimoreau', '', '', '', 1, 0),
(1331, 'Yunam ', '', '', '', 1, 0),
(1332, 'Yvonne ', '', '', '', 1, 0),
(1333, 'Zumatec ', '', '', '', 1, 0),
(1334, ' ', '', '', '', 1, 0),
(1335, ' ', '', '', '', 1, 0),
(1336, 'First Name Last Name', 'E-mail Address', 'Primary Phone', 'Home Address', 1, 0),
(1337, '2c ', '', '', '', 1, 0),
(1338, 'Adrien Berrue', '', '+33 6 23 29 45 90', '', 1, 0),
(1339, 'Adrien Crozat', '', '', '28, rue du bon repos\r\nAngers, Pays de la Loire 49000\r\nFrance', 1, 0),
(1340, 'Agathe Raveneau', '', '', '', 1, 0),
(1341, ' ', 'akram.hamdiha@gmail.com', '', '', 1, 0),
(1342, 'Aldwin Yadeo', '', '', '', 1, 0),
(1343, 'Alel Timsit', '', '', '', 1, 0),
(1344, 'Alex Dekker', 'alexdekker@live.nl', '', 'Alblasstraat 53\r\nAmsterdam, Noord-Holland 1079ZK\r\nNetherlands', 1, 0),
(1345, 'Alexandre Boucherie', 'alexandre.boucherie@gmail.com', '', '', 1, 0),
(1346, 'Alexandre Pha', '', '', '', 1, 0),
(1347, 'Alexis Coupechoux', '', '', '', 1, 0),
(1348, 'Alexis Guinoiseau', '', '', '', 1, 0),
(1349, 'Alice Morange', '', '', '', 1, 0),
(1350, 'Amaury Landais', 'amaury49@facebook.com', '', '12 rue du bocage\r\nAngers, Pays de la Loire 49000\r\nFrance', 1, 0),
(1351, 'Ambre Slaoute', 'ambre.slaoute.7@facebook.com', '', '34 bd gaston dumesnil ; 20 rue guittet\r\nAngers, Pays de la Loire 49100\r\nFrance', 1, 0),
(1352, 'Anais Banchereau', '', '', '', 1, 0),
(1353, 'Anisset ', '', '', '', 1, 0),
(1354, 'Anna Haro', 'anna-haro@mac.com', '', '1001  Leavenworth Street\r\nSausalito ,CA 94965\r\nUSA', 1, 0),
(1355, ' ', 'ant.hess2@gmail.com', '', '', 1, 0),
(1356, 'Anthony Perroud', '', '', '', 1, 0),
(1357, 'Antoine ', '', '', '', 1, 0),
(1358, 'Antoine Barrois', '', '', '', 1, 0),
(1359, 'Antoine Dailcroix', '', '', '', 1, 0),
(1360, 'Antoine Gueron', '', '', '', 1, 0),
(1361, 'Antoine Metairie', '', '', '', 1, 0),
(1362, 'Antoine Planti', '', '', '', 1, 0),
(1363, 'Antoine Voisin Du Dessous', '', '', '', 1, 0),
(1364, 'Appartement Bellamy ', '', '', '', 1, 0),
(1365, ' ', '', '', '', 1, 0),
(1366, ' ', 'arcourt.theo@gmail.com', '', '', 1, 0),
(1367, 'Argent ', '', '', '', 1, 0),
(1368, 'Arnaud Avot', '', '', '', 1, 0),
(1369, 'Arnaud Fournier', '', '', '', 1, 0),
(1370, 'Arnaud Le Flecher', '', '', '', 1, 0),
(1371, 'Arthur Fauconnier', '', '', '', 1, 0),
(1372, 'Arthur Lherbiez', '', '', '', 1, 0),
(1373, 'Arthur Poulain', '', '', '', 1, 0),
(1374, 'Assou Cmr', '', '', '97 BD joseph bedier\r\nAngers, Pays de la Loire 49000\r\nFrance', 1, 0),
(1375, 'Atzon Ray', '', '', '', 1, 0),
(1376, 'Baptiste Jamin', '', '', '', 1, 0),
(1377, 'Baptiste Nail', '', '', '', 1, 0),
(1378, 'Baptiste Rougee', '', '', '', 1, 0),
(1379, 'Baptiste ROUGER', 'rouger.baptiste@gmail.com', '', '', 1, 0),
(1380, 'Bart ', '', '', '', 1, 0),
(1381, 'Bastien Legaigneur', '', '', '', 1, 0),
(1382, 'Bastien Legeay', '', '', '', 1, 0),
(1383, ' ', 'bastien.rt@gmail.com', '', '', 1, 0),
(1384, 'Benoit ', '', '', '', 1, 0),
(1385, ' ', '', '', '', 1, 0),
(1386, 'Bobbi ', '', '', '', 1, 0),
(1387, ' ', 'boudaud.calcin@gmail.com', '', '', 1, 0),
(1388, 'Brandon Van Het Nederend', '', '', 'Juralaan 29\r\nSon ,North Brabant 5691JC\r\nNetherlands', 1, 0),
(1389, 'Brigitte Sauvager Immobilier ', '', '', '', 1, 0),
(1390, 'C''est Le Mec D''une Pote A Guillaume ', '', '', '', 1, 0),
(1391, 'Calvin Boudaud', '', '', '', 1, 0),
(1392, 'Camille Destret', '', '', '', 1, 0),
(1393, 'Camille Drouet', '', '', '', 1, 0),
(1394, 'Camille Gourdon', '', '', '', 1, 0),
(1395, 'Capucine Boursier', '', '', '', 1, 0),
(1396, ' ', 'cartoffset@gmail.com', '', '', 1, 0),
(1397, 'Casper Tonnaer', 'caspertonnaer@gmail.com', '', '', 1, 0),
(1398, 'Charles Chotard', 'chotard.ch@gmail.com', '', '', 1, 0),
(1399, 'Charlotte Vassal', '', '', '', 1, 0),
(1400, 'Charu ', '', '', '', 1, 0),
(1401, 'Chepis ', '', '', '', 1, 0),
(1402, 'Chissac Appartement Jolie Jolie', '', '', '', 1, 0),
(1403, 'Chlo', '', '', '', 1, 0),
(1404, 'Cl', '', '', '', 1, 0),
(1405, 'Cl', '', '', '', 1, 0),
(1406, 'Clo', '', '', '', 1, 0),
(1407, 'Constance ', '', '', '', 1, 0),
(1408, 'Copine Thomas ', '', '', '', 1, 0),
(1409, 'Copro Rue Laennec ', '', '', '', 1, 0),
(1410, 'Coralie Benoit', '', '', '', 1, 0),
(1411, 'Coralie Boisseau', '', '', '', 1, 0),
(1412, 'Corentin Lemoullec', '', '', '', 1, 0),
(1413, 'Corinne Domino', '', '', '', 1, 0),
(1414, 'Coupe Tiff ', '', '', '', 1, 0),
(1415, 'Cyril Taunay', '', '', '', 1, 0),
(1416, 'DameBlanche-Caf', '', '', '35 GRANDE RUE\r\nPort-Louis, Bretagne 56290\r\nFrance', 1, 0),
(1417, 'Daniel Higgins', 'd-higgins@mac.com', '', '332 Laguna Street\r\nCorte Madera ,CA 94925\r\nUSA', 1, 0),
(1418, 'David Reullier', '', '', '', 1, 0),
(1419, 'David Taylor', '', '', '1747 Steuart Street\r\nTiburon, CA 94920\r\nUSA', 1, 0),
(1420, 'Dekra Autocontrole', '', '', '', 1, 0),
(1421, ' ', 'delaporte.wandrille@gmail.com', '', '', 1, 0),
(1422, 'Didier Dewil', '', '', 'Rue ', 1, 0),
(1423, 'Ebaupin ', '', '', '', 1, 0),
(1424, 'Edci Informatique', '', '', '', 1, 0),
(1425, 'Edouard Lamort', '', '', '', 1, 0),
(1426, 'Edouard Morini', 'edouard.moriniere@facebook.com', '', '38 rue La Noue Bras-de-Fer\r\nNantes, Pays de la Loire 44200\r\nFrance', 1, 0),
(1427, 'Elodie Couilleaux', '', '', '', 1, 0),
(1428, 'Elodie Iz', '', '', '', 1, 0),
(1429, ' ', '', '', '', 1, 0),
(1430, 'Emma Montag', '', '', '', 1, 0),
(1431, 'Emmanuel Ravaut', '', '', '', 1, 0),
(1432, 'Emmanuelle Maillard', '', '', '', 1, 0),
(1433, 'Erwan  ', '', '', '', 1, 0),
(1434, 'Esmee Mocking', '', '', '', 1, 0),
(1435, 'Etienne Bou', '', '', '', 1, 0),
(1436, 'Etienne Hardoin', 'hardoin.etienne@gmail.com', '', '', 1, 0),
(1437, 'Etienne Hocquard', '', '', '', 1, 0),
(1438, 'Fabien Meslet', '', '', '', 1, 0),
(1439, 'Fabienne Couille Bois', '', '', '', 1, 0),
(1440, 'Ferdinand Scudeller', '', '', '', 1, 0),
(1441, 'Flavien Baillargeau', '', '', '', 1, 0),
(1442, 'Florent Vieron', '', '', '', 1, 0),
(1443, 'Florian Gabard', '', '', '', 1, 0),
(1444, 'Floriand Delaporte', '', '', '', 1, 0),
(1445, 'Fouad ', '', '', '', 1, 0),
(1446, 'Fran', '', '', '', 1, 0),
(1447, 'Fran', '', '', '', 1, 0),
(1448, 'Francois Thomas', '', '', '', 1, 0),
(1449, 'Gabrielle Caccia', '', '', 'Angers, Pays de la Loire\r\nFrance', 1, 0),
(1450, 'Gabrielle Laigneau', '', '', '', 1, 0),
(1451, 'Gache ', '', '', '', 1, 0),
(1452, 'Gaytan Sio ', '', '', '', 1, 0),
(1453, 'Georges Guelters', 'georges.guelters@gmail.com', '', 'Angers, Pays de la Loire\r\nFrance', 1, 0),
(1454, ' ', 'greenight53@hotmail.fr', '', '', 1, 0),
(1455, 'Gregoire Wagner', '', '', '', 1, 0),
(1456, ' ', 'Gregoire.bejjaji@gmail.com', '', '', 1, 0),
(1457, 'Guerroumi Celia', '', '', '', 1, 0),
(1458, 'Guillaume Arfeuill', '', '', '4 place neuve\r\nLe Bailleul ,Pays de la Loire 72200\r\nFrance', 1, 0),
(1459, 'Guillaume Bou', '', '', '', 1, 0),
(1460, 'Guillaume Btd', 'guillaume.bitaud@facebook.com', '', 'ENSTA Bretagne, 2 rue Fran', 1, 0),
(1461, 'Guiral Delaporte', '', '', '', 1, 0),
(1462, ' ', '', '', '', 1, 0),
(1463, 'Guiraldos ', '', '', '', 1, 0),
(1464, 'Guiraldos Delaportos', '', '', '', 1, 0),
(1465, 'Hamanou Maison Du Monde', '', '', '', 1, 0),
(1466, 'Hank Zakroff', 'hank-zakroff@mac.com', '', '', 1, 0),
(1467, 'Harold ', '', '', '', 1, 0),
(1468, 'Harold Parpex', '', '', '', 1, 0),
(1469, ' ', 'harold.parpex@gmail.com', '', '', 1, 0),
(1470, 'Hawoussou Camara', '', '', '', 1, 0),
(1471, 'Helene Brunel', '', '', '', 1, 0),
(1472, 'Hommelette  ', '', '', '', 1, 0),
(1473, 'Hortense Le Blouc''h', '', '', '', 1, 0),
(1474, 'Houcine Meliani', '', '', '', 1, 0),
(1475, ' ', 'hsanslaville@gmail.com', '', '', 1, 0),
(1476, 'Hugo Lievre', '', '', '', 1, 0),
(1477, 'Hugo Millot', '', '', '', 1, 0),
(1478, 'Hugo Sanslaville', '', '', '', 1, 0),
(1479, 'Ilse Chazotte', '', '', '', 1, 0),
(1480, 'India ', '', '', '', 1, 0),
(1481, 'Ine Coppers', '', '', '', 1, 0),
(1482, 'jean-christophe Delaporte', 'tofnat49@gmail.com', '', '', 1, 0),
(1483, 'Jeanne ', '', '', '', 1, 0),
(1484, 'Jen Poule ', '', '', '', 1, 0),
(1485, 'Jeremy Web2C', '', '0632842994', '', 1, 0),
(1486, 'Johan ', '', '', '', 1, 0),
(1487, 'Johanna  Wan', '', '', '', 1, 0),
(1488, 'John Appleseed', 'John-Appleseed@mac.com', '', '1234 Laurel Street\r\nAtlanta, GA 30303\r\nUSA', 1, 0),
(1489, 'Jordan Pelletier', '', '', '', 1, 0),
(1490, 'Joseph Emery', '', '', '', 1, 0),
(1491, 'Josephine ', '', '', '', 1, 0),
(1492, 'Julie Kalingler', '', '', '', 1, 0),
(1493, 'Julie L''H', '', '', '', 1, 0),
(1494, 'Julien Laurent', '', '', '', 1, 0),
(1495, 'Julien Maitre', '', '', '', 1, 0),
(1496, 'Julien Rffc', '', '', 'Kuala Lumpur ,Kuala Lumpur\r\nMalaysia', 1, 0),
(1497, 'Julien Rouffiac', '', '', '', 1, 0),
(1498, 'Julien Thepin', '', '', '', 1, 0),
(1499, ' ', 'juliens.laurent@gmail.com', '', '', 1, 0),
(1500, 'Juliette ', '', '', '', 1, 0),
(1501, 'Juliette Meignant', '', '', '', 1, 0),
(1502, 'Justine Cibron', '', '', '', 1, 0),
(1503, 'Jwan ', 'johanna-w@live.fr', '', '', 1, 0),
(1504, ' ', 'karassev.alexis@gmail.com', '', '', 1, 0),
(1505, 'Karlijn Wesenbeek', '', '', '', 1, 0),
(1506, 'Kate Bell', 'kate-bell@mac.com', '(415) 555-3695', '', 1, 0),
(1507, 'K', '', '', '', 1, 0),
(1508, 'Kevin Brachet', '', '', '', 1, 0),
(1509, 'Kevin Ducournau', '', '', '', 1, 0),
(1510, 'Khalid Tayebi', '', '', '', 1, 0),
(1511, 'Khalil Tajaoui', '', '', '', 1, 0),
(1512, 'Kim Paviot', '', '', '', 1, 0),
(1513, 'Kine ', '', '', '', 1, 0),
(1514, 'Kono ', '', '', '', 1, 0),
(1515, 'La Heuss ', '', '', '', 1, 0),
(1516, 'Lauralie Naurais', '', '', '', 1, 0),
(1517, ' ', 'laure.duchemin.c2i@gmail.com', '', '', 1, 0),
(1518, 'Laureen Loison', '', '', '', 1, 0),
(1519, 'Lauzons! ', '', '', '', 1, 0),
(1520, 'Le Chat ', '', '', '', 1, 0),
(1521, 'L', '', '', '', 1, 0),
(1522, 'L', '', '', '', 1, 0),
(1523, ' ', 'leblanc@marian.corn', '', '', 1, 0),
(1524, 'Leila ', '', '', '', 1, 0),
(1525, 'Lenny Jah', '', '', '', 1, 0),
(1526, 'Leo Og', '', '', '', 1, 0),
(1527, ' ', '', '', '', 1, 0),
(1528, 'Lili R', '', '', '', 1, 0),
(1529, 'Lilly Farges', '', '', '', 1, 0),
(1530, 'Lilly Mejean', '', '', '', 1, 0),
(1531, 'Lisa L', 'lisa_leonet@hotmail.fr', '', '', 1, 0),
(1532, ' ', 'llerougealexandre@gmail.com', '', '', 1, 0),
(1533, 'Loris Randazzo', '', '', '', 1, 0),
(1534, 'Luc ', '', '', '', 1, 0),
(1535, 'Lucas Richomme', '', '', '', 1, 0),
(1536, 'Lucas Seconde', '', '', '', 1, 0),
(1537, 'Lucie Souchon', '', '', '', 1, 0),
(1538, 'Ma', '', '', '', 1, 0),
(1539, 'Maeva Glotin', '', '', '', 1, 0),
(1540, 'Maison ', '', '', '', 1, 0),
(1541, 'Malek ', '', '', '', 1, 0),
(1542, 'Malika Vinet', '', '', '', 1, 0),
(1543, 'Maman ', '', '', '', 1, 0),
(1544, 'Manon Da Silva', '', '', '', 1, 0),
(1545, 'Manu Durand', '', '', '', 1, 0),
(1546, 'Manu Ravaut', '', '', '', 1, 0),
(1547, 'Margaux Berthelot', '', '', '', 1, 0),
(1548, 'Margaux Bissinger', '', '', '', 1, 0),
(1549, 'Margaux Blanchard', '', '', '', 1, 0),
(1550, 'Margaux Vinet', '', '', 'rue st aubin\r\nAngers ,Pays de la Loire 49000\r\nFrance', 1, 0),
(1551, 'Margot Lebret', '', '', '', 1, 0),
(1552, 'Mari Line ', '', '', '', 1, 0),
(1553, 'Marian Leblanc', '', '', '', 1, 0),
(1554, 'Marie Blondeau', '', '', '', 1, 0),
(1555, 'Marie Lalande', '', '', '', 1, 0),
(1556, 'Marie-a Bougon', '', '', '', 1, 0),
(1557, 'Marin Rouleau', '', '', '', 1, 0),
(1558, 'Marine Brault', '', '', '', 1, 0),
(1559, 'Marine Migault', '', '', '', 1, 0),
(1560, 'Marion ', '', '', '', 1, 0),
(1561, 'Marion Bremond', '', '', '', 1, 0),
(1562, 'Marion Degorce', '', '', '', 1, 0),
(1563, 'Marion Guerniou', '', '', '', 1, 0),
(1564, 'Marion Vsn', 'mvoisine@gmx.fr', '', '', 1, 0),
(1565, 'Marti La Frappe', '', '', '', 1, 0),
(1566, 'Mary Arseguel', '', '', '', 1, 0),
(1567, ' ', 'matclemp@gmail.com', '', '', 1, 0),
(1568, 'Mathieu Bourgeois', '', '', '', 1, 0),
(1569, 'Mathieu Ln', '', '', '', 1, 0),
(1570, 'Mathieu Maison', '', '', '', 1, 0),
(1571, 'Mathieu Pelletier', '', '', '', 1, 0),
(1572, 'Mathieu Tagada', '', '', '', 1, 0),
(1573, ' ', 'mathieu.nauleau@gmail.com', '', '', 1, 0),
(1574, 'Mathilde Meuric M', '', '', '', 1, 0),
(1575, 'Mathilde Oger', '', '', '', 1, 0),
(1576, 'Matthieu Savary ', '', '', '', 1, 0),
(1577, ' ', 'matthieu.nauleau@gmail.com', '', '', 1, 0),
(1578, 'Max Labite', '', '', '', 1, 0),
(1579, 'Mehdi Moumen', '', '', '', 1, 0),
(1580, 'Mehdi Raibam', '', '', '', 1, 0),
(1581, 'Melanie Durand', '', '', '', 1, 0),
(1582, 'M', '', '', '23 rue jean cocteau\r\nTr', 1, 0),
(1583, 'Melanie Fontan', '', '', '', 1, 0),
(1584, 'Melanie Hecker', '', '', '', 1, 0),
(1585, 'Merlin Longuet', '', '', '', 1, 0),
(1586, 'Michael Desta', '', '', '', 1, 0),
(1587, 'Monsinagogue ', '', '', '', 1, 0),
(1588, ' ', 'myriam.rseck@gmail.com', '', '', 1, 0),
(1589, 'Nano ', '', '', '', 1, 0),
(1590, 'Nathanael ', '', '', '', 1, 0),
(1591, 'N', '', '', '', 1, 0),
(1592, ' ', '', '', '', 1, 0),
(1593, 'Nicolas Bunel', '', '', '', 1, 0),
(1594, 'Nicolas Gallard', '', '', '', 1, 0),
(1595, 'Nicolas Gautier', 'nicolas.gautier.1023@facebook.com', '', '', 1, 0),
(1596, 'Nicolas Renou', '', '', '', 1, 0),
(1597, 'Nina Cornu', '', '', '', 1, 0),
(1598, 'Nina Fournier', '', '', '', 1, 0),
(1599, 'Oc', '', '', '', 1, 0),
(1600, 'Okapi Angers', 'okapi.angers@facebook.com', '', '15 Rue des deux Haies\r\nAngers, Pays de la Loire 49100\r\nFrance', 1, 0),
(1601, 'Oliv ', '', '', '', 1, 0),
(1602, 'Ophelie  ', '', '', '', 1, 0),
(1603, 'Osteo ', '', '', '', 1, 0),
(1604, 'P-o ', '', '', '', 1, 0),
(1605, 'Papa ', '', '', '', 1, 0),
(1606, 'Parain Th', '', '', '', 1, 0),
(1607, 'Pascale Cantet', '', '', '', 1, 0),
(1608, 'Pauline Barba', '', '', '', 1, 0),
(1609, 'Peintre Appart Rue St Laud', '', '', '', 1, 0),
(1610, 'Perrine Germier', '', '', '', 1, 0),
(1611, 'Peter Mansard', '', '', 'Rue du pourparler\r\nBangkok, Bangkok 777777\r\nThailand', 1, 0),
(1612, ' ', '', '', '', 1, 0),
(1613, 'Pierre Moirez', '', '', '', 1, 0),
(1614, 'Pierre Raffenaud', '', '', '', 1, 0),
(1615, 'Pierre-Olivier Mainfroid', '', '', '', 1, 0),
(1616, 'Plan ', '', '', '', 1, 0),
(1617, 'Popote ', '', '', '', 1, 0),
(1618, 'Quentin Bellencourt', '', '', '90\r\nBoulevard Camus\r\nAngers 49000\r\nFrance', 1, 0),
(1619, ' ', '', '', '', 1, 0),
(1620, 'Quentin Mace', '', '', 'Ste Anne\r\nLombron, Pays de la Loire 72450\r\nFrance', 1, 0),
(1621, 'Randstad Fix ', '', '', '', 1, 0),
(1622, 'Raphael Chenoir', '', '', '', 1, 0),
(1623, 'Raphi ', '', '', '', 1, 0),
(1624, 'Raphi N''guyen', '', '', '', 1, 0),
(1625, 'Remi  ', '', '', '', 1, 0),
(1626, 'Robin Delaportou', 'robinou.delaportou@facebook.com', '', '', 1, 0),
(1627, 'Robin Delapoutre', '', '', '', 1, 0),
(1628, ' ', 'robin-delaporte@hotmail.fr', '', '', 1, 0),
(1629, 'Romain Cerveau', '', '', '', 1, 0),
(1630, 'Romain Fortanier', '', '', '', 1, 0),
(1631, 'Romain Moysan', '', '', '', 1, 0),
(1632, 'Romane Montreuil', '', '', '', 1, 0),
(1633, 'Rotka ', '', '', '', 1, 0),
(1634, ' ', '', '', '', 1, 0),
(1635, 'Roxanne B', '', '', '', 1, 0),
(1636, 'Roxanne Bulard', '', '', '', 1, 0),
(1637, 'Rudi Et Marleen ', '', '', '', 1, 0),
(1638, 'Rudy ', '', '', '', 1, 0),
(1639, 'Sabine ', '', '', '', 1, 0),
(1640, 'Sabine Matocq', '', '', 'Le placard sous l''escalier\r\nJa', 1, 0),
(1641, 'Sander Kooiman', '', '', 'Lekdijk 49\r\nAmmerstol ,Zuid-Holland 2865LB\r\nNetherlands', 1, 0),
(1642, 'Sandy Gueuriot', '', '', '', 1, 0),
(1643, 'Sara Van De Ven', '', '', '', 1, 0),
(1644, 'Sarah Olivry', '', '', '', 1, 0),
(1645, 'Shahinez La Meilleureeee Du Monde ', '', '', '', 1, 0),
(1646, 'Shep ', '', '', '', 1, 0),
(1647, 'simon Dujancourt', '', '', '', 1, 0),
(1648, 'Simon Minot', '', '', '', 1, 0),
(1649, 'Simon Nussbaum', 'sim.nussbaum@gmail.com', '', '', 1, 0),
(1650, 'Simon Pok A Rond De Tasse', '', '', '', 1, 0),
(1651, 'Simon Ropars', '', '', '', 1, 0),
(1652, 'Sipion Moulain', '', '', '', 1, 0),
(1653, 'Sophie Hulshoff', '', '', '', 1, 0),
(1654, 'Steven.aka.sapha ', '', '', '', 1, 0),
(1655, 'Sujeeth ', '', '', '', 1, 0),
(1656, 'Supermarion De La Mort Qui Tue Haiiiiiiiii ! :) ', '', '', '', 1, 0),
(1657, 'Sylvain Marignale', '', '', '', 1, 0),
(1658, 'Tanguy Cantet', '', '', '', 1, 0),
(1659, 'Theo Blet', '', '', '', 1, 0),
(1660, 'Th', '', '', '', 1, 0),
(1661, 'Th', '', '', '', 1, 0),
(1662, 'Theotim Herbert', '', '', '', 1, 0),
(1663, 'Thibault Letard', '', '', '', 1, 0),
(1664, 'Thiebaut Delaporte', '', '', '', 1, 0),
(1665, 'Thierry Cailleau', '', '', '', 1, 0),
(1666, 'Thomas  Bruijning', '', '', '', 1, 0),
(1667, 'Thomas Grangeard', '100004497555995@facebook.com', '', '', 1, 0),
(1668, 'Thomas LL ', '', '', '', 1, 0),
(1669, 'Thomas  Nourrit', '', '', '', 1, 0),
(1670, 'Timothe Sihalathavong', '', '', '', 1, 0),
(1671, 'Tom Boucher', '', '', '', 1, 0),
(1672, 'Tom Farges', 'tom.farges@gmail.com', '', '', 1, 0),
(1673, 'Tommy''s Cafe', '', '', '', 1, 0),
(1674, 'Valentin Cordeau', '', '', '', 1, 0),
(1675, 'Valentin Couchut', 'valou49c@facebook.com', '', '26 bis rue Detaille\r\nChampigny-sur-Marne, ', 1, 0),
(1676, 'Valentin Giegel', '', '', '', 1, 0),
(1677, 'Valentin Laurette', '', '', '', 1, 0),
(1678, 'Valentin Massot', '', '', '', 1, 0),
(1679, 'Valentin Moiwez', '', '', '', 1, 0),
(1680, 'Valentin Robert', '', '', '', 1, 0),
(1681, ' ', 'vfo1409@gmail.com', '', '', 1, 0),
(1682, 'Victor Doisneau', '', '', '', 1, 0),
(1683, 'Victor Leygue', '', '', '', 1, 0),
(1684, 'Vincent  Beaufreton', '', '', '', 1, 0),
(1685, 'Vincent Celea', '', '', '', 1, 0),
(1686, 'Vincent Chesneau', '', '', '', 1, 0),
(1687, 'Vincent Lr', '', '', '', 1, 0),
(1688, 'Wandrille Delaporte', '', '', '', 1, 0),
(1689, 'Werner Serjourne', '', '', '', 1, 0),
(1690, 'William  Belloche', '', '', '', 1, 0),
(1691, 'William Legendre', '', '', '', 1, 0),
(1692, ' ', 'wlegendre5@gmail.com', '', '', 1, 0),
(1693, 'Xavier Orero', '', '', '', 1, 0),
(1694, 'Yonn Aden Hugo', 'trimoreau.yonn@gmail.com', '', '', 1, 0),
(1695, 'Yonn Trimoreau', '', '', '', 1, 0),
(1696, 'Yunam ', '', '', '', 1, 0),
(1697, 'Yvonne ', '', '', '', 1, 0),
(1698, 'Zumatec ', '', '', '', 1, 0),
(1699, ' ', '', '', '', 1, 0),
(1700, ' ', '', '', '', 1, 0),
(1701, '2c ', '', '', '', 3, 0),
(1702, 'Adrien Berrue', '', '+33 6 23 29 45 90', '', 3, 0),
(1703, 'Adrien Crozat', '', '', '28, rue du bon repos\nAngers, Pays de la Loire 49000\nFrance', 3, 0),
(1704, 'Agathe Raveneau', '', '', '', 3, 0),
(1705, ' ', 'akram.hamdiha@gmail.com', '', '', 3, 0),
(1706, 'Aldwin Yadeo', '', '', '', 3, 0),
(1707, 'Alel Timsit', '', '', '', 3, 0),
(1708, 'Alex Dekker', 'alexdekker@live.nl', '', 'Alblasstraat 53\r\nAmsterdam, Noord-Holland 1079ZK\r\nNetherlands', 3, 0),
(1709, 'Alexandre Boucherie', 'alexandre.boucherie@gmail.com', '', '', 3, 0),
(1710, 'Alexandre Pha', '', '', '', 3, 0),
(1711, 'Alexis Coupechoux', '', '', '', 3, 0),
(1712, 'Alexis Guinoiseau', '', '', '', 3, 0),
(1713, 'Alice Morange', '', '', '', 3, 0),
(1714, 'Amaury Landais', 'amaury49@facebook.com', '', '12 rue du bocage\r\nAngers, Pays de la Loire 49000\r\nFrance', 3, 0),
(1715, 'Ambre Slaoute', 'ambre.slaoute.7@facebook.com', '', '34 bd gaston dumesnil ; 20 rue guittet\r\nAngers, Pays de la Loire 49100\r\nFrance', 3, 0),
(1716, 'Anais Banchereau', '', '', '', 3, 0),
(1717, 'Anisset ', '', '', '', 3, 0),
(1718, 'Anna Haro', 'anna-haro@mac.com', '', '1001  Leavenworth Street\r\nSausalito ,CA 94965\r\nUSA', 3, 0),
(1719, ' ', 'ant.hess2@gmail.com', '', '', 3, 0),
(1720, 'Anthony Perroud', '', '', '', 3, 0),
(1721, 'Antoine ', '', '', '', 3, 0),
(1722, 'Antoine Barrois', '', '', '', 3, 0),
(1723, 'Antoine Dailcroix', '', '', '', 3, 0),
(1724, 'Antoine Gueron', '', '', '', 3, 0),
(1725, 'Antoine Metairie', '', '', '', 3, 0),
(1726, 'Antoine Planti', '', '', '', 3, 0),
(1727, 'Antoine Voisin Du Dessous', '', '', '', 3, 0),
(1728, 'Appartement Bellamy ', '', '', '', 3, 0),
(1729, ' ', '', '', '', 3, 0),
(1730, ' ', 'arcourt.theo@gmail.com', '', '', 3, 0),
(1731, 'Argent ', '', '', '', 3, 0),
(1732, 'Arnaud Avot', '', '', '', 3, 0),
(1733, 'Arnaud Fournier', '', '', '', 3, 0),
(1734, 'Arnaud Le Flecher', '', '', '', 3, 0),
(1735, 'Arthur Fauconnier', '', '', '', 3, 0),
(1736, 'Arthur Lherbiez', '', '', '', 3, 0),
(1737, 'Arthur Poulain', '', '', '', 3, 0),
(1738, 'Assou Cmr', '', '', '97 BD joseph bedier\r\nAngers, Pays de la Loire 49000\r\nFrance', 3, 0),
(1739, 'Atzon Ray', '', '', '', 3, 0),
(1740, 'Baptiste Jamin', '', '', '', 3, 0),
(1741, 'Baptiste Nail', '', '', '', 3, 0),
(1742, 'Baptiste Rougee', '', '', '', 3, 0),
(1743, 'Baptiste ROUGER', 'rouger.baptiste@gmail.com', '', '', 3, 0),
(1744, 'Bart ', '', '', '', 3, 0),
(1745, 'Bastien Legaigneur', '', '', '', 3, 0),
(1746, 'Bastien Legeay', '', '', '', 3, 0),
(1747, ' ', 'bastien.rt@gmail.com', '', '', 3, 0),
(1748, 'Benoit ', '', '', '', 3, 0),
(1749, ' ', '', '', '', 3, 0),
(1750, 'Bobbi ', '', '', '', 3, 0),
(1751, ' ', 'boudaud.calcin@gmail.com', '', '', 3, 0),
(1752, 'Brandon Van Het Nederend', '', '', 'Juralaan 29\r\nSon ,North Brabant 5691JC\r\nNetherlands', 3, 0),
(1753, 'Brigitte Sauvager Immobilier ', '', '', '', 3, 0),
(1754, 'C''est Le Mec D''une Pote A Guillaume ', '', '', '', 3, 0),
(1755, 'Calvin Boudaud', '', '', '', 3, 0),
(1756, 'Camille Destret', '', '', '', 3, 0),
(1757, 'Camille Drouet', '', '', '', 3, 0),
(1758, 'Camille Gourdon', '', '', '', 3, 0),
(1759, 'Capucine Boursier', '', '', '', 3, 0),
(1760, ' ', 'cartoffset@gmail.com', '', '', 3, 0),
(1761, 'Casper Tonnaer', 'caspertonnaer@gmail.com', '', '', 3, 0),
(1762, 'Charles Chotard', 'chotard.ch@gmail.com', '', '', 3, 0),
(1763, 'Charlotte Vassal', '', '', '', 3, 0),
(1764, 'Charu ', '', '', '', 3, 0),
(1765, 'Chepis ', '', '', '', 3, 0),
(1766, 'Chissac Appartement Jolie Jolie', '', '', '', 3, 0),
(1767, 'Chlo', '', '', '', 3, 0),
(1768, 'Cl', '', '', '', 3, 0),
(1769, 'Cl', '', '', '', 3, 0),
(1770, 'Clo', '', '', '', 3, 0),
(1771, 'Constance ', '', '', '', 3, 0),
(1772, 'Copine Thomas ', '', '', '', 3, 0),
(1773, 'Copro Rue Laennec ', '', '', '', 3, 0),
(1774, 'Coralie Benoit', '', '', '', 3, 0),
(1775, 'Coralie Boisseau', '', '', '', 3, 0),
(1776, 'Corentin Lemoullec', '', '', '', 3, 0),
(1777, 'Corinne Domino', '', '', '', 3, 0),
(1778, 'Coupe Tiff ', '', '', '', 3, 0),
(1779, 'Cyril Taunay', '', '', '', 3, 0),
(1780, 'DameBlanche-Caf', '', '', '35 GRANDE RUE\r\nPort-Louis, Bretagne 56290\r\nFrance', 3, 0),
(1781, 'Daniel Higgins', 'd-higgins@mac.com', '', '332 Laguna Street\r\nCorte Madera ,CA 94925\r\nUSA', 3, 0),
(1782, 'David Reullier', '', '', '', 3, 0),
(1783, 'David Taylor', '', '', '1747 Steuart Street\r\nTiburon, CA 94920\r\nUSA', 3, 0),
(1784, 'Dekra Autocontrole', '', '', '', 3, 0),
(1785, ' ', 'delaporte.wandrille@gmail.com', '', '', 3, 0),
(1786, 'Didier Dewil', '', '', 'Rue ', 3, 0),
(1787, 'Ebaupin ', '', '', '', 3, 0),
(1788, 'Edci Informatique', '', '', '', 3, 0),
(1789, 'Edouard Lamort', '', '', '', 3, 0);
INSERT INTO `client` (`id`, `nom`, `email`, `telephone`, `adresse`, `entreprise`, `check`) VALUES
(1790, 'Edouard Morini', 'edouard.moriniere@facebook.com', '', '38 rue La Noue Bras-de-Fer\r\nNantes, Pays de la Loire 44200\r\nFrance', 3, 0),
(1791, 'Elodie Couilleaux', '', '', '', 3, 0),
(1792, 'Elodie Iz', '', '', '', 3, 0),
(1793, ' ', '', '', '', 3, 0),
(1794, 'Emma Montag', '', '', '', 3, 0),
(1795, 'Emmanuel Ravaut', '', '', '', 3, 0),
(1796, 'Emmanuelle Maillard', '', '', '', 3, 0),
(1797, 'Erwan  ', '', '', '', 3, 0),
(1798, 'Esmee Mocking', '', '', '', 3, 0),
(1799, 'Etienne Bou', '', '', '', 3, 0),
(1800, 'Etienne Hardoin', 'hardoin.etienne@gmail.com', '', '', 3, 0),
(1801, 'Etienne Hocquard', '', '', '', 3, 0),
(1802, 'Fabien Meslet', '', '', '', 3, 0),
(1803, 'Fabienne Couille Bois', '', '', '', 3, 0),
(1804, 'Ferdinand Scudeller', '', '', '', 3, 0),
(1805, 'Flavien Baillargeau', '', '', '', 3, 0),
(1806, 'Florent Vieron', '', '', '', 3, 0),
(1807, 'Florian Gabard', '', '', '', 3, 0),
(1808, 'Floriand Delaporte', '', '', '', 3, 0),
(1809, 'Fouad ', '', '', '', 3, 0),
(1810, 'Fran', '', '', '', 3, 0),
(1811, 'Fran', '', '', '', 3, 0),
(1812, 'Francois Thomas', '', '', '', 3, 0),
(1813, 'Gabrielle Caccia', '', '', 'Angers, Pays de la Loire\r\nFrance', 3, 0),
(1814, 'Gabrielle Laigneau', '', '', '', 3, 0),
(1815, 'Gache ', '', '', '', 3, 0),
(1816, 'Gaytan Sio ', '', '', '', 3, 0),
(1817, 'Georges Guelters', 'georges.guelters@gmail.com', '', 'Angers, Pays de la Loire\r\nFrance', 3, 0),
(1818, ' ', 'greenight53@hotmail.fr', '', '', 3, 0),
(1819, 'Gregoire Wagner', '', '', '', 3, 0),
(1820, ' ', 'Gregoire.bejjaji@gmail.com', '', '', 3, 0),
(1821, 'Guerroumi Celia', '', '', '', 3, 0),
(1822, 'Guillaume Arfeuill', '', '', '4 place neuve\r\nLe Bailleul ,Pays de la Loire 72200\r\nFrance', 3, 0),
(1823, 'Guillaume Bou', '', '', '', 3, 0),
(1824, 'Guillaume Btd', 'guillaume.bitaud@facebook.com', '', 'ENSTA Bretagne, 2 rue Fran', 3, 0),
(1825, 'Guiral Delaporte', '', '', '', 3, 0),
(1826, ' ', '', '', '', 3, 0),
(1827, 'Guiraldos ', '', '', '', 3, 0),
(1828, 'Guiraldos Delaportos', '', '', '', 3, 0),
(1829, 'Hamanou Maison Du Monde', '', '', '', 3, 0),
(1830, 'Hank Zakroff', 'hank-zakroff@mac.com', '', '', 3, 0),
(1831, 'Harold ', '', '', '', 3, 0),
(1832, 'Harold Parpex', '', '', '', 3, 0),
(1833, ' ', 'harold.parpex@gmail.com', '', '', 3, 0),
(1834, 'Hawoussou Camara', '', '', '', 3, 0),
(1835, 'Helene Brunel', '', '', '', 3, 0),
(1836, 'Hommelette  ', '', '', '', 3, 0),
(1837, 'Hortense Le Blouc''h', '', '', '', 3, 0),
(1838, 'Houcine Meliani', '', '', '', 3, 0),
(1839, ' ', 'hsanslaville@gmail.com', '', '', 3, 0),
(1840, 'Hugo Lievre', '', '', '', 3, 0),
(1841, 'Hugo Millot', '', '', '', 3, 0),
(1842, 'Hugo Sanslaville', '', '', '', 3, 0),
(1843, 'Ilse Chazotte', '', '', '', 3, 0),
(1844, 'India ', '', '', '', 3, 0),
(1845, 'Ine Coppers', '', '', '', 3, 0),
(1846, 'jean-christophe Delaporte', 'tofnat49@gmail.com', '', '', 3, 0),
(1847, 'Jeanne ', '', '', '', 3, 0),
(1848, 'Jen Poule ', '', '', '', 3, 0),
(1849, 'Jeremy Web2C', '', '0632842994', '', 3, 0),
(1850, 'Johan ', '', '', '', 3, 0),
(1851, 'Johanna  Wan', '', '', '', 3, 0),
(1852, 'John Appleseed', 'John-Appleseed@mac.com', '', '1234 Laurel Street\r\nAtlanta, GA 30303\r\nUSA', 3, 0),
(1853, 'Jordan Pelletier', '', '', '', 3, 0),
(1854, 'Joseph Emery', '', '', '', 3, 0),
(1855, 'Josephine ', '', '', '', 3, 0),
(1856, 'Julie Kalingler', '', '', '', 3, 0),
(1857, 'Julie L''H', '', '', '', 3, 0),
(1858, 'Julien Laurent', '', '', '', 3, 0),
(1859, 'Julien Maitre', '', '', '', 3, 0),
(1860, 'Julien Rffc', '', '', 'Kuala Lumpur ,Kuala Lumpur\r\nMalaysia', 3, 0),
(1861, 'Julien Rouffiac', '', '', '', 3, 0),
(1862, 'Julien Thepin', '', '', '', 3, 0),
(1863, ' ', 'juliens.laurent@gmail.com', '', '', 3, 0),
(1864, 'Juliette ', '', '', '', 3, 0),
(1865, 'Juliette Meignant', '', '', '', 3, 0),
(1866, 'Justine Cibron', '', '', '', 3, 0),
(1867, 'Jwan ', 'johanna-w@live.fr', '', '', 3, 0),
(1868, ' ', 'karassev.alexis@gmail.com', '', '', 3, 0),
(1869, 'Karlijn Wesenbeek', '', '', '', 3, 0),
(1870, 'Kate Bell', 'kate-bell@mac.com', '(415) 555-3695', '', 3, 0),
(1871, 'K', '', '', '', 3, 0),
(1872, 'Kevin Brachet', '', '', '', 3, 0),
(1873, 'Kevin Ducournau', '', '', '', 3, 0),
(1874, 'Khalid Tayebi', '', '', '', 3, 0),
(1875, 'Khalil Tajaoui', '', '', '', 3, 0),
(1876, 'Kim Paviot', '', '', '', 3, 0),
(1877, 'Kine ', '', '', '', 3, 0),
(1878, 'Kono ', '', '', '', 3, 0),
(1879, 'La Heuss ', '', '', '', 3, 0),
(1880, 'Lauralie Naurais', '', '', '', 3, 0),
(1881, ' ', 'laure.duchemin.c2i@gmail.com', '', '', 3, 0),
(1882, 'Laureen Loison', '', '', '', 3, 0),
(1883, 'Lauzons! ', '', '', '', 3, 0),
(1884, 'Le Chat ', '', '', '', 3, 0),
(1885, 'L', '', '', '', 3, 0),
(1886, 'L', '', '', '', 3, 0),
(1887, ' ', 'leblanc@marian.corn', '', '', 3, 0),
(1888, 'Leila ', '', '', '', 3, 0),
(1889, 'Lenny Jah', '', '', '', 3, 0),
(1890, 'Leo Og', '', '', '', 3, 0),
(1891, ' ', '', '', '', 3, 0),
(1892, 'Lili R', '', '', '', 3, 0),
(1893, 'Lilly Farges', '', '', '', 3, 0),
(1894, 'Lilly Mejean', '', '', '', 3, 0),
(1895, 'Lisa L', 'lisa_leonet@hotmail.fr', '', '', 3, 0),
(1896, ' ', 'llerougealexandre@gmail.com', '', '', 3, 0),
(1897, 'Loris Randazzo', '', '', '', 3, 0),
(1898, 'Luc ', '', '', '', 3, 0),
(1899, 'Lucas Richomme', '', '', '', 3, 0),
(1900, 'Lucas Seconde', '', '', '', 3, 0),
(1901, 'Lucie Souchon', '', '', '', 3, 0),
(1902, 'Ma', '', '', '', 3, 0),
(1903, 'Maeva Glotin', '', '', '', 3, 0),
(1904, 'Maison ', '', '', '', 3, 0),
(1905, 'Malek ', '', '', '', 3, 0),
(1906, 'Malika Vinet', '', '', '', 3, 0),
(1907, 'Maman ', '', '', '', 3, 0),
(1908, 'Manon Da Silva', '', '', '', 3, 0),
(1909, 'Manu Durand', '', '', '', 3, 0),
(1910, 'Manu Ravaut', '', '', '', 3, 0),
(1911, 'Margaux Berthelot', '', '', '', 3, 0),
(1912, 'Margaux Bissinger', '', '', '', 3, 0),
(1913, 'Margaux Blanchard', '', '', '', 3, 0),
(1914, 'Margaux Vinet', '', '', 'rue st aubin\r\nAngers ,Pays de la Loire 49000\r\nFrance', 3, 0),
(1915, 'Margot Lebret', '', '', '', 3, 0),
(1916, 'Mari Line ', '', '', '', 3, 0),
(1917, 'Marian Leblanc', '', '', '', 3, 0),
(1918, 'Marie Blondeau', '', '', '', 3, 0),
(1919, 'Marie Lalande', '', '', '', 3, 0),
(1920, 'Marie-a Bougon', '', '', '', 3, 0),
(1921, 'Marin Rouleau', '', '', '', 3, 0),
(1922, 'Marine Brault', '', '', '', 3, 0),
(1923, 'Marine Migault', '', '', '', 3, 0),
(1924, 'Marion ', '', '', '', 3, 0),
(1925, 'Marion Bremond', '', '', '', 3, 0),
(1926, 'Marion Degorce', '', '', '', 3, 0),
(1927, 'Marion Guerniou', '', '', '', 3, 0),
(1928, 'Marion Vsn', 'mvoisine@gmx.fr', '', '', 3, 0),
(1929, 'Marti La Frappe', '', '', '', 3, 0),
(1930, 'Mary Arseguel', '', '', '', 3, 0),
(1931, ' ', 'matclemp@gmail.com', '', '', 3, 0),
(1932, 'Mathieu Bourgeois', '', '', '', 3, 0),
(1933, 'Mathieu Ln', '', '', '', 3, 0),
(1934, 'Mathieu Maison', '', '', '', 3, 0),
(1935, 'Mathieu Pelletier', '', '', '', 3, 0),
(1936, 'Mathieu Tagada', '', '', '', 3, 0),
(1937, ' ', 'mathieu.nauleau@gmail.com', '', '', 3, 0),
(1938, 'Mathilde Meuric M', '', '', '', 3, 0),
(1939, 'Mathilde Oger', '', '', '', 3, 0),
(1940, 'Matthieu Savary ', '', '', '', 3, 0),
(1941, ' ', 'matthieu.nauleau@gmail.com', '', '', 3, 0),
(1942, 'Max Labite', '', '', '', 3, 0),
(1943, 'Mehdi Moumen', '', '', '', 3, 0),
(1944, 'Mehdi Raibam', '', '', '', 3, 0),
(1945, 'Melanie Durand', '', '', '', 3, 0),
(1946, 'M', '', '', '23 rue jean cocteau\r\nTr', 3, 0),
(1947, 'Melanie Fontan', '', '', '', 3, 0),
(1948, 'Melanie Hecker', '', '', '', 3, 0),
(1949, 'Merlin Longuet', '', '', '', 3, 0),
(1950, 'Michael Desta', '', '', '', 3, 0),
(1951, 'Monsinagogue ', '', '', '', 3, 0),
(1952, ' ', 'myriam.rseck@gmail.com', '', '', 3, 0),
(1953, 'Nano ', '', '', '', 3, 0),
(1954, 'Nathanael ', '', '', '', 3, 0),
(1955, 'N', '', '', '', 3, 0),
(1956, ' ', '', '', '', 3, 0),
(1957, 'Nicolas Bunel', '', '', '', 3, 0),
(1958, 'Nicolas Gallard', '', '', '', 3, 0),
(1959, 'Nicolas Gautier', 'nicolas.gautier.1023@facebook.com', '', '', 3, 0),
(1960, 'Nicolas Renou', '', '', '', 3, 0),
(1961, 'Nina Cornu', '', '', '', 3, 0),
(1962, 'Nina Fournier', '', '', '', 3, 0),
(1963, 'Oc', '', '', '', 3, 0),
(1964, 'Okapi Angers', 'okapi.angers@facebook.com', '', '15 Rue des deux Haies\r\nAngers, Pays de la Loire 49100\r\nFrance', 3, 0),
(1965, 'Oliv ', '', '', '', 3, 0),
(1966, 'Ophelie  ', '', '', '', 3, 0),
(1967, 'Osteo ', '', '', '', 3, 0),
(1968, 'P-o ', '', '', '', 3, 0),
(1969, 'Papa ', '', '', '', 3, 0),
(1970, 'Parain Th', '', '', '', 3, 0),
(1971, 'Pascale Cantet', '', '', '', 3, 0),
(1972, 'Pauline Barba', '', '', '', 3, 0),
(1973, 'Peintre Appart Rue St Laud', '', '', '', 3, 0),
(1974, 'Perrine Germier', '', '', '', 3, 0),
(1975, 'Peter Mansard', '', '', 'Rue du pourparler\r\nBangkok, Bangkok 777777\r\nThailand', 3, 0),
(1976, ' ', '', '', '', 3, 0),
(1977, 'Pierre Moirez', '', '', '', 3, 0),
(1978, 'Pierre Raffenaud', '', '', '', 3, 0),
(1979, 'Pierre-Olivier Mainfroid', '', '', '', 3, 0),
(1980, 'Plan ', '', '', '', 3, 0),
(1981, 'Popote ', '', '', '', 3, 0),
(1982, 'Quentin Bellencourt', '', '', '90\r\nBoulevard Camus\r\nAngers 49000\r\nFrance', 3, 0),
(1983, ' ', '', '', '', 3, 0),
(1984, 'Quentin Mace', '', '', 'Ste Anne\r\nLombron, Pays de la Loire 72450\r\nFrance', 3, 0),
(1985, 'Randstad Fix ', '', '', '', 3, 0),
(1986, 'Raphael Chenoir', '', '', '', 3, 0),
(1987, 'Raphi ', '', '', '', 3, 0),
(1988, 'Raphi N''guyen', '', '', '', 3, 0),
(1989, 'Remi  ', '', '', '', 3, 0),
(1990, 'Robin Delaportou', 'robinou.delaportou@facebook.com', '', '', 3, 0),
(1991, 'Robin Delapoutre', '', '', '', 3, 0),
(1992, ' ', 'robin-delaporte@hotmail.fr', '', '', 3, 0),
(1993, 'Romain Cerveau', '', '', '', 3, 0),
(1994, 'Romain Fortanier', '', '', '', 3, 0),
(1995, 'Romain Moysan', '', '', '', 3, 0),
(1996, 'Romane Montreuil', '', '', '', 3, 0),
(1997, 'Rotka ', '', '', '', 3, 0),
(1998, ' ', '', '', '', 3, 0),
(1999, 'Roxanne B', '', '', '', 3, 0),
(2000, 'Roxanne Bulard', '', '', '', 3, 0),
(2001, 'Rudi Et Marleen ', '', '', '', 3, 0),
(2002, 'Rudy ', '', '', '', 3, 0),
(2003, 'Sabine ', '', '', '', 3, 0),
(2004, 'Sabine Matocq', '', '', 'Le placard sous l''escalier\r\nJa', 3, 0),
(2005, 'Sander Kooiman', '', '', 'Lekdijk 49\r\nAmmerstol ,Zuid-Holland 2865LB\r\nNetherlands', 3, 0),
(2006, 'Sandy Gueuriot', '', '', '', 3, 0),
(2007, 'Sara Van De Ven', '', '', '', 3, 0),
(2008, 'Sarah Olivry', '', '', '', 3, 0),
(2009, 'Shahinez La Meilleureeee Du Monde ', '', '', '', 3, 0),
(2010, 'Shep ', '', '', '', 3, 0),
(2011, 'simon Dujancourt', '', '', '', 3, 0),
(2012, 'Simon Minot', '', '', '', 3, 0),
(2013, 'Simon Nussbaum', 'sim.nussbaum@gmail.com', '', '', 3, 0),
(2014, 'Simon Pok A Rond De Tasse', '', '', '', 3, 0),
(2015, 'Simon Ropars', '', '', '', 3, 0),
(2016, 'Sipion Moulain', '', '', '', 3, 0),
(2017, 'Sophie Hulshoff', '', '', '', 3, 0),
(2018, 'Steven.aka.sapha ', '', '', '', 3, 0),
(2019, 'Sujeeth ', '', '', '', 3, 0),
(2020, 'Supermarion De La Mort Qui Tue Haiiiiiiiii ! :) ', '', '', '', 3, 0),
(2021, 'Sylvain Marignale', '', '', '', 3, 0),
(2022, 'Tanguy Cantet', '', '', '', 3, 0),
(2023, 'Theo Blet', '', '', '', 3, 0),
(2024, 'Th', '', '', '', 3, 0),
(2025, 'Th', '', '', '', 3, 0),
(2026, 'Theotim Herbert', '', '', '', 3, 0),
(2027, 'Thibault Letard', '', '', '', 3, 0),
(2028, 'Thiebaut Delaporte', '', '', '', 3, 0),
(2029, 'Thierry Cailleau', '', '', '', 3, 0),
(2030, 'Thomas  Bruijning', '', '', '', 3, 0),
(2031, 'Thomas Grangeard', '100004497555995@facebook.com', '', '', 3, 0),
(2032, 'Thomas LL ', '', '', '', 3, 0),
(2033, 'Thomas  Nourrit', '', '', '', 3, 0),
(2034, 'Timothe Sihalathavong', '', '', '', 3, 0),
(2035, 'Tom Boucher', '', '', '', 3, 0),
(2036, 'Tom Farges', 'tom.farges@gmail.com', '', '', 3, 0),
(2037, 'Tommy''s Cafe', '', '', '', 3, 0),
(2038, 'Valentin Cordeau', '', '', '', 3, 0),
(2039, 'Valentin Couchut', 'valou49c@facebook.com', '', '26 bis rue Detaille\r\nChampigny-sur-Marne, ', 3, 0),
(2040, 'Valentin Giegel', '', '', '', 3, 0),
(2041, 'Valentin Laurette', '', '', '', 3, 0),
(2042, 'Valentin Massot', '', '', '', 3, 0),
(2043, 'Valentin Moiwez', '', '', '', 3, 0),
(2044, 'Valentin Robert', '', '', '', 3, 0),
(2045, ' ', 'vfo1409@gmail.com', '', '', 3, 0),
(2046, 'Victor Doisneau', '', '', '', 3, 0),
(2047, 'Victor Leygue', '', '', '', 3, 0),
(2048, 'Vincent  Beaufreton', '', '', '', 3, 0),
(2049, 'Vincent Celea', '', '', '', 3, 0),
(2050, 'Vincent Chesneau', '', '', '', 3, 0),
(2051, 'Vincent Lr', '', '', '', 3, 0),
(2052, 'Wandrille Delaporte', '', '', '', 3, 0),
(2053, 'Werner Serjourne', '', '', '', 3, 0),
(2054, 'William  Belloche', '', '', '', 3, 0),
(2055, 'William Legendre', '', '', '', 3, 0),
(2056, ' ', 'wlegendre5@gmail.com', '', '', 3, 0),
(2057, 'Xavier Orero', '', '', '', 3, 0),
(2058, 'Yonn Aden Hugo', 'trimoreau.yonn@gmail.com', '', '', 3, 0),
(2059, 'Yonn Trimoreau', '', '', '', 3, 0),
(2060, 'Yunam ', '', '', '', 3, 0),
(2061, 'Yvonne ', '', '', '', 3, 0),
(2062, 'Zumatec ', '', '', '', 3, 0),
(2063, ' ', '', '', '', 3, 0),
(2064, ' ', '', '', '', 3, 0);

-- --------------------------------------------------------

--
-- Structure de la table `entreprise`
--

CREATE TABLE IF NOT EXISTS `entreprise` (
  `id` int(11) NOT NULL AUTO_INCREMENT,
  `nom` varchar(255) NOT NULL,
  `adresse` varchar(255) NOT NULL,
  `codePostal` int(5) NOT NULL,
  `ville` varchar(255) NOT NULL,
  `debutExercice` date NOT NULL,
  `responsable` int(11) DEFAULT NULL,
  PRIMARY KEY (`id`)
) ENGINE=InnoDB  DEFAULT CHARSET=latin1 AUTO_INCREMENT=4 ;

--
-- Contenu de la table `entreprise`
--

INSERT INTO `entreprise` (`id`, `nom`, `adresse`, `codePostal`, `ville`, `debutExercice`, `responsable`) VALUES
(1, 'BAT', '10 rue de beausoleil', 53400, 'Saint Quentin Les Anges', '2016-01-01', 1),
(2, 'Chez floflo', 'Chemin de la Porte', 49440, 'Candé', '2016-10-11', 3),
(3, 'robinou&co', '16 rue laennec', 44000, 'nantes', '2016-10-11', 8);

-- --------------------------------------------------------

--
-- Structure de la table `grille`
--

CREATE TABLE IF NOT EXISTS `grille` (
  `id` int(11) NOT NULL AUTO_INCREMENT,
  `puissance` int(11) NOT NULL,
  `5` varchar(255) NOT NULL,
  `5-20` varchar(255) NOT NULL,
  `20` varchar(255) NOT NULL,
  `année` int(11) NOT NULL,
  PRIMARY KEY (`id`)
) ENGINE=InnoDB  DEFAULT CHARSET=utf8 AUTO_INCREMENT=8 ;

--
-- Contenu de la table `grille`
--

INSERT INTO `grille` (`id`, `puissance`, `5`, `5-20`, `20`, `année`) VALUES
(1, 3, 'd x 0.410', '(d x 0.245) + 824', 'd x 0.286', 2016),
(2, 4, 'd x 0.493', '(d x 0.277) + 1082', 'd x 0.332', 2016),
(5, 5, 'd x 0.543', '(d x 0.305) + 1188', 'd x 0.364', 2016),
(6, 6, 'd x 0.568', '(d x 0.320) + 1244', 'd x 0.382', 2016),
(7, 7, 'd x 0.595', '(d x 0.337) + 1288', 'd x 0.401', 2016);

-- --------------------------------------------------------

--
-- Structure de la table `image`
--

CREATE TABLE IF NOT EXISTS `image` (
  `id` int(11) NOT NULL AUTO_INCREMENT,
  `title` varchar(255) NOT NULL,
  `legend` text,
  `orientation` int(11) NOT NULL DEFAULT '0',
  `path` varchar(255) NOT NULL,
  `id_repository` int(11) NOT NULL,
  PRIMARY KEY (`id`),
  KEY `id_repository` (`id_repository`)
) ENGINE=InnoDB  DEFAULT CHARSET=utf8 AUTO_INCREMENT=5 ;

--
-- Contenu de la table `image`
--

INSERT INTO `image` (`id`, `title`, `legend`, `orientation`, `path`, `id_repository`) VALUES
(2, 'pouet', 'pouet', 0, 'original.jpg', 1),
(3, 'pouet', 'pouet', 0, 'Happy-National-Senior-Citizen-Day-Old-People-Picture.jpg', 1),
(4, 'pouet', 'pouet', 0, '1-8.jpg', 2);

-- --------------------------------------------------------

--
-- Structure de la table `informations`
--

CREATE TABLE IF NOT EXISTS `informations` (
  `nom` varchar(255) NOT NULL,
  `adresse` varchar(255) NOT NULL,
  `responsable` int(11) NOT NULL,
  KEY `responsable` (`responsable`)
) ENGINE=InnoDB DEFAULT CHARSET=utf8;

--
-- Contenu de la table `informations`
--

INSERT INTO `informations` (`nom`, `adresse`, `responsable`) VALUES
('bat', '10, rue de beausoleil, 53400 Saint Quentin les Anges', 1);

-- --------------------------------------------------------

--
-- Structure de la table `repository`
--

CREATE TABLE IF NOT EXISTS `repository` (
  `id` int(11) NOT NULL AUTO_INCREMENT,
  `name` varchar(255) NOT NULL,
  `id_parent` int(11) DEFAULT NULL,
  PRIMARY KEY (`id`),
  KEY `id_parent` (`id_parent`)
) ENGINE=InnoDB  DEFAULT CHARSET=utf8 AUTO_INCREMENT=3 ;

--
-- Contenu de la table `repository`
--

INSERT INTO `repository` (`id`, `name`, `id_parent`) VALUES
(1, 'racine', NULL),
(2, 'sous dossier', 1);

-- --------------------------------------------------------

--
-- Structure de la table `trajet`
--

CREATE TABLE IF NOT EXISTS `trajet` (
  `id` int(11) NOT NULL AUTO_INCREMENT,
  `utilisateur` int(11) NOT NULL,
  `client` int(11) DEFAULT NULL,
  `ordre` int(2) NOT NULL,
  `voiture` int(11) DEFAULT NULL,
  `date` date NOT NULL,
  `km` float NOT NULL,
  PRIMARY KEY (`id`),
  KEY `utilisateur` (`utilisateur`,`client`,`voiture`),
  KEY `client` (`client`),
  KEY `voiture` (`voiture`)
) ENGINE=InnoDB  DEFAULT CHARSET=utf8 AUTO_INCREMENT=150 ;

--
-- Contenu de la table `trajet`
--

INSERT INTO `trajet` (`id`, `utilisateur`, `client`, `ordre`, `voiture`, `date`, `km`) VALUES
(132, 1, 1, 1, 1, '2016-10-11', 32),
(133, 1, 2, 2, 1, '2016-10-11', 24),
(134, 1, 3, 3, 1, '2016-10-11', 23),
(135, 1, 792, 4, 1, '2016-10-11', 10),
(136, 1, NULL, 0, NULL, '2016-10-11', 89),
(137, 1, 1, 1, 2, '2016-10-05', 32),
(138, 1, 2, 2, 2, '2016-10-05', 24),
(139, 1, 792, 3, 2, '2016-10-05', 13),
(140, 1, NULL, 0, NULL, '2016-10-05', 69),
(141, 1, 2, 1, 1, '2016-10-20', 10),
(142, 1, 3, 2, 1, '2016-10-20', 23),
(143, 1, NULL, 0, NULL, '2016-10-20', 33),
(144, 1, 1, 1, 1, '2016-10-28', 32),
(145, 1, NULL, 0, NULL, '2016-10-28', 32),
(146, 8, 1703, 1, 6, '2016-10-11', 90),
(147, 8, NULL, 0, NULL, '2016-10-11', 90),
(148, 8, 1708, 1, 6, '2016-10-05', 878),
(149, 8, NULL, 0, NULL, '2016-10-05', 878);

-- --------------------------------------------------------

--
-- Structure de la table `utilisateur`
--

CREATE TABLE IF NOT EXISTS `utilisateur` (
  `id` int(11) NOT NULL AUTO_INCREMENT,
  `nom` varchar(255) NOT NULL,
  `prenom` varchar(255) NOT NULL,
  `mail` varchar(255) NOT NULL,
  `mdp` varchar(255) NOT NULL,
  `droits` varchar(255) NOT NULL,
  `entreprise` int(11) NOT NULL,
  PRIMARY KEY (`id`),
  KEY `entreprise` (`entreprise`)
) ENGINE=InnoDB  DEFAULT CHARSET=utf8 AUTO_INCREMENT=9 ;

--
-- Contenu de la table `utilisateur`
--

INSERT INTO `utilisateur` (`id`, `nom`, `prenom`, `mail`, `mdp`, `droits`, `entreprise`) VALUES
(1, 'Rouger', 'Baptiste', 'rouger.baptiste@gmail.com', 'ge2Y431wimYI6', 'SuAdmin', 1),
(2, 'Michel', 'Bernard', 'michel.bernard@gmail.com', 'geNqHd5eFD.Tk', 'Admin', 1),
(3, 'Canovas', 'Floriane', 'floriane.canovas@gmail.com', 'geR9XjAv9aTpA', 'User', 2),
(4, 'Rouger', 'Lisa', 'rougerlisa@gmail.com', 'gekJVZTcm7H2s', 'User', 1),
(5, 'CLAUDE', 'ROUGER', 'cloclo@gmail.com', 'geOu5fW5EXGdU', 'Admin', 1),
(6, 'lechat', 'james', 'james@gmail.com', 'geLeO6BhtTvYA', 'User', 1),
(8, 'delaporte', 'robin', 'robinou.delaporte@gmail.com', 'geXXVz3UQrayk', 'Admin', 3);

-- --------------------------------------------------------

--
-- Structure de la table `voiture`
--

CREATE TABLE IF NOT EXISTS `voiture` (
  `id` int(11) NOT NULL AUTO_INCREMENT,
  `nom` varchar(255) NOT NULL,
  `puissance` varchar(255) NOT NULL,
  `entreprise` int(11) NOT NULL,
  PRIMARY KEY (`id`),
  KEY `entreprise` (`entreprise`)
) ENGINE=InnoDB  DEFAULT CHARSET=utf8 AUTO_INCREMENT=7 ;

--
-- Contenu de la table `voiture`
--

INSERT INTO `voiture` (`id`, `nom`, `puissance`, `entreprise`) VALUES
(1, 'Audi A5', '11', 1),
(2, 'Renault Twingo', '6', 1),
(3, 'Rouger', '45', 1),
(4, 'Baptiste', '5', 1),
(5, 'tes', '48', 1),
(6, '306', '-10', 3);

--
-- Contraintes pour les tables exportées
--

--
-- Contraintes pour la table `client`
--
ALTER TABLE `client`
  ADD CONSTRAINT `client_de` FOREIGN KEY (`entreprise`) REFERENCES `entreprise` (`id`) ON DELETE CASCADE ON UPDATE CASCADE;

--
-- Contraintes pour la table `image`
--
ALTER TABLE `image`
  ADD CONSTRAINT `image_ibfk_1` FOREIGN KEY (`id_repository`) REFERENCES `repository` (`id`) ON DELETE CASCADE ON UPDATE CASCADE;

--
-- Contraintes pour la table `informations`
--
ALTER TABLE `informations`
  ADD CONSTRAINT `responsable_de` FOREIGN KEY (`responsable`) REFERENCES `utilisateur` (`id`);

--
-- Contraintes pour la table `repository`
--
ALTER TABLE `repository`
  ADD CONSTRAINT `repository_ibfk_1` FOREIGN KEY (`id_parent`) REFERENCES `repository` (`id`) ON DELETE CASCADE ON UPDATE CASCADE;

--
-- Contraintes pour la table `trajet`
--
ALTER TABLE `trajet`
  ADD CONSTRAINT `trajet_ibfk_1` FOREIGN KEY (`utilisateur`) REFERENCES `utilisateur` (`id`) ON DELETE NO ACTION ON UPDATE NO ACTION,
  ADD CONSTRAINT `trajet_ibfk_2` FOREIGN KEY (`client`) REFERENCES `client` (`id`) ON DELETE NO ACTION ON UPDATE NO ACTION,
  ADD CONSTRAINT `trajet_ibfk_3` FOREIGN KEY (`voiture`) REFERENCES `voiture` (`id`) ON DELETE NO ACTION ON UPDATE NO ACTION;

--
-- Contraintes pour la table `utilisateur`
--
ALTER TABLE `utilisateur`
  ADD CONSTRAINT `utilisateur_de` FOREIGN KEY (`entreprise`) REFERENCES `entreprise` (`id`) ON DELETE CASCADE ON UPDATE CASCADE;

--
-- Contraintes pour la table `voiture`
--
ALTER TABLE `voiture`
  ADD CONSTRAINT `voiture_de` FOREIGN KEY (`entreprise`) REFERENCES `entreprise` (`id`) ON DELETE CASCADE ON UPDATE CASCADE;

/*!40101 SET CHARACTER_SET_CLIENT=@OLD_CHARACTER_SET_CLIENT */;
/*!40101 SET CHARACTER_SET_RESULTS=@OLD_CHARACTER_SET_RESULTS */;
/*!40101 SET COLLATION_CONNECTION=@OLD_COLLATION_CONNECTION */;
